2026-06-06 17:34:31.576 T:2884     info <general>: -----------------------------------------------------------------------
2026-06-06 17:34:31.576 T:2884     info <general>: Starting Kodi (21.2 (21.2.0) Git:20250201-cc4e1fedda). Platform: Android ARM 64-bit
2026-06-06 17:34:31.576 T:2884     info <general>: Using Release Kodi x64
2026-06-06 17:34:31.577 T:2884     info <general>: Kodi compiled 2025-02-01 by Clang 9.0.9 (https://android.googlesource.com/toolchain/llvm-project a2a1e703c0edb03ba29944e529ccbf457742737b) for Android ARM 64-bit API level 21 (API level 21)
2026-06-06 17:34:31.577 T:2884     info <general>: Running on Samsung SM-A528B with Android 12.0.0 API level 32, kernel: Linux ARM 32-bit version 5.4.32-perf-g39b7ee9edb9d
2026-06-06 17:34:31.577 T:2884     info <general>: FFmpeg version/source: 6.0.1-Kodi
2026-06-06 17:34:31.578 T:2884     info <general>: 4 CPU cores available
2026-06-06 17:34:31.578 T:2884     info <general>: Product: a52sxq, Device: a52sxq, Board: SM-A528B - Manufacturer: Samsung, Brand: Samsung, Model: SM-A528B, Hardware: Samsung
2026-06-06 17:34:31.583 T:2900    debug <general>: CNetworkAndroid::onAvailable: The default network is now: 100
2026-06-06 17:34:31.594 T:2884     info <general>: External storage path = /storage/emulated/0; status = ok; Permissions = 
2026-06-06 17:34:31.594 T:2884     info <general>: ARM Features: Neon enabled
2026-06-06 17:34:31.594 T:2884     info <general>: special://xbmc/ is mapped to: /data/user/0/org.xbmc.kodi/cache/apk/assets
2026-06-06 17:34:31.594 T:2884     info <general>: special://xbmcbin/ is mapped to: /data/user/0/org.xbmc.kodi/cache/apk/assets
2026-06-06 17:34:31.594 T:2884     info <general>: special://xbmcbinaddons/ is mapped to: /data/user/0/org.xbmc.kodi/cache/apk/assets/addons
2026-06-06 17:34:31.594 T:2884     info <general>: special://masterprofile/ is mapped to: /storage/emulated/0/Android/data/org.xbmc.kodi/files/.kodi/userdata
2026-06-06 17:34:31.594 T:2884     info <general>: special://envhome/ is mapped to: /storage/emulated/0/Android/data/org.xbmc.kodi/files
2026-06-06 17:34:31.595 T:2884     info <general>: special://home/ is mapped to: /storage/emulated/0/Android/data/org.xbmc.kodi/files/.kodi
2026-06-06 17:34:31.595 T:2884     info <general>: special://temp/ is mapped to: /storage/emulated/0/Android/data/org.xbmc.kodi/files/.kodi/temp
2026-06-06 17:34:31.595 T:2884     info <general>: special://logpath/ is mapped to: /storage/emulated/0/Android/data/org.xbmc.kodi/files/.kodi/temp
2026-06-06 17:34:31.595 T:2884     info <general>: Webserver extra whitelist paths: 
2026-06-06 17:34:31.595 T:2884     info <general>: The executable running is: /data/app/~~WGO689Two6kaVubk_s-Jpw==/org.xbmc.kodi-q8pRokESzKkZEQ4-i2hG7w==/lib/arm64/libkodi.so
2026-06-06 17:34:31.628 T:2884     info <general>: Local hostname: 10.0.2.15
2026-06-06 17:34:31.628 T:2884     info <general>: Log File is located: /storage/emulated/0/Android/data/org.xbmc.kodi/files/.kodi/temp/kodi.log
2026-06-06 17:34:31.628 T:2884     info <general>: -----------------------------------------------------------------------
2026-06-06 17:34:31.631 T:2884     info <general>: loading settings
2026-06-06 17:34:31.639 T:2884     info <general>: special://profile/ is mapped to: special://masterprofile/
2026-06-06 17:34:31.669 T:2884     info <general>: No settings file to load (special://xbmc/system/advancedsettings.xml)
2026-06-06 17:34:31.670 T:2884     info <general>: No settings file to load (special://masterprofile/advancedsettings.xml)
2026-06-06 17:34:31.670 T:2884     info <general>: Default Video Player: VideoPlayer
2026-06-06 17:34:31.670 T:2884     info <general>: Default Audio Player: paplayer
2026-06-06 17:34:31.670 T:2884     info <general>: Enabled debug logging due to GUI setting (2)
2026-06-06 17:34:31.673 T:2884     info <general>: CMediaSourceSettings: loading media sources from special://masterprofile/sources.xml
2026-06-06 17:34:31.690 T:2884    debug <general>: CSkinSettings: no <skinsettings> tag found
2026-06-06 17:34:31.692 T:2884     info <general>: New Cache GUI Settings (replacement of cache in advancedsettings.xml) are:
                                                     Buffer Mode: 4
                                                     Memory Size: 20 MB
                                                     Read Factor: 4.00 x 
                                                     Chunk Size : 131072 bytes
2026-06-06 17:34:31.692 T:2884     info <general>: creating subdirectories
2026-06-06 17:34:31.692 T:2884     info <general>: userdata folder: special://masterprofile/
2026-06-06 17:34:31.692 T:2884     info <general>: recording folder: 
2026-06-06 17:34:31.692 T:2884     info <general>: screenshots folder: 
2026-06-06 17:34:31.727 T:2884     info <general>: Running database version Addons33
2026-06-06 17:34:31.764 T:2884    debug <general>: CAddonInfoBuilder::ParseXMLTypes: Binary addon found: screensaver.xbmc.builtin.dim
2026-06-06 17:34:31.795 T:2884    debug <general>: CAddonInfoBuilder::ParseXMLTypes: Binary addon found: audioencoder.kodi.builtin.aac
2026-06-06 17:34:31.894 T:2884    debug <general>: CAddonInfoBuilder::ParseXMLTypes: Binary addon found: screensaver.xbmc.builtin.black
2026-06-06 17:34:31.944 T:2884    debug <general>: CAddonInfoBuilder::ParseXMLTypes: Binary addon found: audioencoder.kodi.builtin.wma
2026-06-06 17:34:31.970 T:2884    debug <general>: CAddonInfoBuilder::ParseXMLTypes: Binary addon found: peripheral.joystick
2026-06-06 17:34:31.995 T:2884    debug <general>: CAddonMgr::FindAddons: Addon 'metadata.generic.albums' already present with version 1.0.14 at '/data/user/0/org.xbmc.kodi/cache/apk/assets/addons/metadata.generic.albums/' replaced with version 1.0.18 at '/storage/emulated/0/Android/data/org.xbmc.kodi/files/.kodi/addons/metadata.generic.albums/'
2026-06-06 17:34:32.001 T:2884    debug <general>: CAddonMgr::FindAddons: Addon 'metadata.tvshows.themoviedb.org.python' already present with version 1.6.0 at '/data/user/0/org.xbmc.kodi/cache/apk/assets/addons/metadata.tvshows.themoviedb.org.python/' replaced with version 1.7.6 at '/storage/emulated/0/Android/data/org.xbmc.kodi/files/.kodi/addons/metadata.tvshows.themoviedb.org.python/'
2026-06-06 17:34:32.006 T:2884    debug <general>: CAddonMgr::FindAddons: Addon 'metadata.artists.universal' already present with version 4.3.3 at '/data/user/0/org.xbmc.kodi/cache/apk/assets/addons/metadata.artists.universal/' replaced with version 4.3.21 at '/storage/emulated/0/Android/data/org.xbmc.kodi/files/.kodi/addons/metadata.artists.universal/'
2026-06-06 17:34:32.011 T:2884    debug <general>: CAddonMgr::FindAddons: Addon 'service.xbmc.versioncheck' already present with version 0.5.27+matrix.1 at '/data/user/0/org.xbmc.kodi/cache/apk/assets/addons/service.xbmc.versioncheck/' replaced with version 0.5.30+matrix.1 at '/storage/emulated/0/Android/data/org.xbmc.kodi/files/.kodi/addons/service.xbmc.versioncheck/'
2026-06-06 17:34:32.016 T:2884    debug <general>: CAddonMgr::FindAddons: Addon 'metadata.common.fanart.tv' already present with version 3.6.3 at '/data/user/0/org.xbmc.kodi/cache/apk/assets/addons/metadata.common.fanart.tv/' replaced with version 3.6.5 at '/storage/emulated/0/Android/data/org.xbmc.kodi/files/.kodi/addons/metadata.common.fanart.tv/'
2026-06-06 17:34:32.024 T:2884    debug <general>: CAddonMgr::FindAddons: Addon 'game.controller.snes' already present with version 1.0.40 at '/data/user/0/org.xbmc.kodi/cache/apk/assets/addons/game.controller.snes/' replaced with version 1.0.43 at '/storage/emulated/0/Android/data/org.xbmc.kodi/files/.kodi/addons/game.controller.snes/'
2026-06-06 17:34:32.033 T:2884    debug <general>: CAddonMgr::FindAddons: Addon 'metadata.themoviedb.org.python' already present with version 1.3.1+matrix.1 at '/data/user/0/org.xbmc.kodi/cache/apk/assets/addons/metadata.themoviedb.org.python/' replaced with version 3.2.0 at '/storage/emulated/0/Android/data/org.xbmc.kodi/files/.kodi/addons/metadata.themoviedb.org.python/'
2026-06-06 17:34:32.044 T:2884    debug <general>: CAddonMgr::FindAddons: Addon 'metadata.album.universal' already present with version 3.1.4 at '/data/user/0/org.xbmc.kodi/cache/apk/assets/addons/metadata.album.universal/' replaced with version 3.1.18 at '/storage/emulated/0/Android/data/org.xbmc.kodi/files/.kodi/addons/metadata.album.universal/'
2026-06-06 17:34:32.063 T:2884    debug <general>: CAddonInfoBuilder::ParseXMLTypes: Binary addon found: peripheral.joystick
2026-06-06 17:34:32.064 T:2884    debug <general>: CAddonMgr::FindAddons: Addon 'peripheral.joystick' already present with version 21.1.22 at '/data/user/0/org.xbmc.kodi/cache/apk/assets/addons/peripheral.joystick/' replaced with version 21.1.23 at '/storage/emulated/0/Android/data/org.xbmc.kodi/files/.kodi/addons/peripheral.joystick/'
2026-06-06 17:34:32.085 T:2884     info <general>: CAddonMgr::FindAddons: audioencoder.kodi.builtin.aac v1.0.2 installed
2026-06-06 17:34:32.086 T:2884     info <general>: CAddonMgr::FindAddons: audioencoder.kodi.builtin.wma v1.0.2 installed
2026-06-06 17:34:32.086 T:2884     info <general>: CAddonMgr::FindAddons: game.controller.default v1.0.42 installed
2026-06-06 17:34:32.087 T:2884     info <general>: CAddonMgr::FindAddons: game.controller.keyboard v1.1.43 installed
2026-06-06 17:34:32.087 T:2884     info <general>: CAddonMgr::FindAddons: game.controller.mouse v1.0.26 installed
2026-06-06 17:34:32.087 T:2884     info <general>: CAddonMgr::FindAddons: game.controller.snes v1.0.43 installed
2026-06-06 17:34:32.088 T:2884     info <general>: CAddonMgr::FindAddons: kodi.binary.global.audioengine v1.1.1 installed
2026-06-06 17:34:32.089 T:2884     info <general>: CAddonMgr::FindAddons: kodi.binary.global.filesystem v1.1.8 installed
2026-06-06 17:34:32.090 T:2884     info <general>: CAddonMgr::FindAddons: kodi.binary.global.general v1.0.5 installed
2026-06-06 17:34:32.090 T:2884     info <general>: CAddonMgr::FindAddons: kodi.binary.global.gui v5.15.0 installed
2026-06-06 17:34:32.091 T:2884     info <general>: CAddonMgr::FindAddons: kodi.binary.global.main v2.0.2 installed
2026-06-06 17:34:32.091 T:2884     info <general>: CAddonMgr::FindAddons: kodi.binary.global.network v1.0.4 installed
2026-06-06 17:34:32.091 T:2884     info <general>: CAddonMgr::FindAddons: kodi.binary.global.tools v1.0.4 installed
2026-06-06 17:34:32.091 T:2884     info <general>: CAddonMgr::FindAddons: kodi.binary.instance.audiodecoder v4.0.0 installed
2026-06-06 17:34:32.092 T:2884     info <general>: CAddonMgr::FindAddons: kodi.binary.instance.audioencoder v3.0.0 installed
2026-06-06 17:34:32.092 T:2884     info <general>: CAddonMgr::FindAddons: kodi.binary.instance.game v3.0.2 installed
2026-06-06 17:34:32.092 T:2884     info <general>: CAddonMgr::FindAddons: kodi.binary.instance.imagedecoder v3.0.1 installed
2026-06-06 17:34:32.092 T:2884     info <general>: CAddonMgr::FindAddons: kodi.binary.instance.inputstream v3.3.0 installed
2026-06-06 17:34:32.093 T:2884     info <general>: CAddonMgr::FindAddons: kodi.binary.instance.peripheral v3.0.2 installed
2026-06-06 17:34:32.093 T:2884     info <general>: CAddonMgr::FindAddons: kodi.binary.instance.pvr v8.3.0 installed
2026-06-06 17:34:32.097 T:2884     info <general>: CAddonMgr::FindAddons: kodi.binary.instance.screensaver v2.2.0 installed
2026-06-06 17:34:32.097 T:2884     info <general>: CAddonMgr::FindAddons: kodi.binary.instance.vfs v3.0.1 installed
2026-06-06 17:34:32.098 T:2884     info <general>: CAddonMgr::FindAddons: kodi.binary.instance.videocodec v2.1.0 installed
2026-06-06 17:34:32.098 T:2884     info <general>: CAddonMgr::FindAddons: kodi.binary.instance.visualization v4.0.0 installed
2026-06-06 17:34:32.099 T:2884     info <general>: CAddonMgr::FindAddons: kodi.resource v1.0.0 installed
2026-06-06 17:34:32.099 T:2884     info <general>: CAddonMgr::FindAddons: metadata.album.universal v3.1.18 installed
2026-06-06 17:34:32.100 T:2884     info <general>: CAddonMgr::FindAddons: metadata.artists.universal v4.3.21 installed
2026-06-06 17:34:32.100 T:2884     info <general>: CAddonMgr::FindAddons: metadata.common.allmusic.com v3.2.2 installed
2026-06-06 17:34:32.100 T:2884     info <general>: CAddonMgr::FindAddons: metadata.common.fanart.tv v3.6.5 installed
2026-06-06 17:34:32.100 T:2884     info <general>: CAddonMgr::FindAddons: metadata.common.musicbrainz.org v2.2.4 installed
2026-06-06 17:34:32.101 T:2884     info <general>: CAddonMgr::FindAddons: metadata.common.theaudiodb.com v2.0.3 installed
2026-06-06 17:34:32.101 T:2884     info <general>: CAddonMgr::FindAddons: metadata.generic.albums v1.0.18 installed
2026-06-06 17:34:32.101 T:2884     info <general>: CAddonMgr::FindAddons: metadata.generic.artists v1.0.18 installed
2026-06-06 17:34:32.101 T:2884     info <general>: CAddonMgr::FindAddons: metadata.local v1.0.1 installed
2026-06-06 17:34:32.102 T:2884     info <general>: CAddonMgr::FindAddons: metadata.themoviedb.org.python v3.2.0 installed
2026-06-06 17:34:32.102 T:2884     info <general>: CAddonMgr::FindAddons: metadata.tvshows.themoviedb.org.python v1.7.6 installed
2026-06-06 17:34:32.102 T:2884     info <general>: CAddonMgr::FindAddons: peripheral.joystick v21.1.23 installed
2026-06-06 17:34:32.102 T:2884     info <general>: CAddonMgr::FindAddons: plugin.video.deccandelight v2.0.58 installed
2026-06-06 17:34:32.102 T:2884     info <general>: CAddonMgr::FindAddons: repository.gujal v2.0.3 installed
2026-06-06 17:34:32.102 T:2884     info <general>: CAddonMgr::FindAddons: repository.resolveurl v1.0.0 installed
2026-06-06 17:34:32.102 T:2884     info <general>: CAddonMgr::FindAddons: repository.xbmc.org v3.4.0 installed
2026-06-06 17:34:32.103 T:2884     info <general>: CAddonMgr::FindAddons: resource.images.weathericons.default v1.1.9 installed
2026-06-06 17:34:32.103 T:2884     info <general>: CAddonMgr::FindAddons: resource.language.en_gb v2.0.2 installed
2026-06-06 17:34:32.103 T:2884     info <general>: CAddonMgr::FindAddons: resource.uisounds.kodi v1.0.1 installed
2026-06-06 17:34:32.103 T:2884     info <general>: CAddonMgr::FindAddons: screensaver.xbmc.builtin.black v1.0.34 installed
2026-06-06 17:34:32.103 T:2884     info <general>: CAddonMgr::FindAddons: screensaver.xbmc.builtin.dim v1.0.66 installed
2026-06-06 17:34:32.103 T:2884     info <general>: CAddonMgr::FindAddons: script.module.beautifulsoup4 v4.12.2 installed
2026-06-06 17:34:32.103 T:2884     info <general>: CAddonMgr::FindAddons: script.module.html5lib v1.1.0+matrix.1 installed
2026-06-06 17:34:32.104 T:2884     info <general>: CAddonMgr::FindAddons: script.module.kodi-six v0.1.3.1 installed
2026-06-06 17:34:32.104 T:2884     info <general>: CAddonMgr::FindAddons: script.module.pil v5.1.0 installed
2026-06-06 17:34:32.104 T:2884     info <general>: CAddonMgr::FindAddons: script.module.pycryptodome v3.4.3 installed
2026-06-06 17:34:32.104 T:2884     info <general>: CAddonMgr::FindAddons: script.module.resolveurl v5.1.202 installed
2026-06-06 17:34:32.104 T:2884     info <general>: CAddonMgr::FindAddons: script.module.six v1.16.0+matrix.1 installed
2026-06-06 17:34:32.104 T:2884     info <general>: CAddonMgr::FindAddons: script.module.soupsieve v2.4.1 installed
2026-06-06 17:34:32.104 T:2884     info <general>: CAddonMgr::FindAddons: script.module.webencodings v0.5.1+matrix.2 installed
2026-06-06 17:34:32.104 T:2884     info <general>: CAddonMgr::FindAddons: service.xbmc.versioncheck v0.5.30+matrix.1 installed
2026-06-06 17:34:32.105 T:2884     info <general>: CAddonMgr::FindAddons: skin.estuary v4.0.0 installed
2026-06-06 17:34:32.105 T:2884     info <general>: CAddonMgr::FindAddons: webinterface.default v21.x-1.0.1 installed
2026-06-06 17:34:32.105 T:2884     info <general>: CAddonMgr::FindAddons: xbmc.addon v21.2.0 installed
2026-06-06 17:34:32.106 T:2884     info <general>: CAddonMgr::FindAddons: xbmc.core v0.1.0 installed
2026-06-06 17:34:32.106 T:2884     info <general>: CAddonMgr::FindAddons: xbmc.gui v5.17.0 installed
2026-06-06 17:34:32.106 T:2884     info <general>: CAddonMgr::FindAddons: xbmc.json v13.5.0 installed
2026-06-06 17:34:32.106 T:2884     info <general>: CAddonMgr::FindAddons: xbmc.metadata v2.1.0 installed
2026-06-06 17:34:32.107 T:2884     info <general>: CAddonMgr::FindAddons: xbmc.python v3.0.1 installed
2026-06-06 17:34:32.107 T:2884     info <general>: CAddonMgr::FindAddons: xbmc.webinterface v1.0.0 installed
2026-06-06 17:34:32.124 T:2884    debug <general>: CFavourites::Load - no system favourites found, skipping
2026-06-06 17:34:32.125 T:2884    debug <general>: CFavourites::Load - no userdata favourites found, skipping
2026-06-06 17:34:32.140 T:2884     info <general>: CKeyboardLayoutManager: loading keyboard layouts from special://xbmc/system/keyboardlayouts...
2026-06-06 17:34:32.145 T:2884    debug <general>: CKeyboardLayoutManager: keyboard layout "Estonian QWERTY" successfully loaded
2026-06-06 17:34:32.150 T:2884    debug <general>: CKeyboardLayoutManager: keyboard layout "Polish QWERTY" successfully loaded
2026-06-06 17:34:32.153 T:2884    debug <general>: CKeyboardLayoutManager: keyboard layout "English QWERTY" successfully loaded
2026-06-06 17:34:32.154 T:2884    debug <general>: CKeyboardLayoutManager: keyboard layout "English AZERTY" successfully loaded
2026-06-06 17:34:32.155 T:2884    debug <general>: CKeyboardLayoutManager: keyboard layout "English ABC" successfully loaded
2026-06-06 17:34:32.157 T:2884    debug <general>: CKeyboardLayoutManager: keyboard layout "Persian QWERTY" successfully loaded
2026-06-06 17:34:32.159 T:2884    debug <general>: CKeyboardLayoutManager: keyboard layout "Icelandic QWERTY" successfully loaded
2026-06-06 17:34:32.161 T:2884    debug <general>: CKeyboardLayoutManager: keyboard layout "Czech QWERTZ" successfully loaded
2026-06-06 17:34:32.162 T:2884    debug <general>: CKeyboardLayoutManager: keyboard layout "Chinese BasePY" successfully loaded
2026-06-06 17:34:32.163 T:2884    debug <general>: CKeyboardLayoutManager: keyboard layout "French AZERTY" successfully loaded
2026-06-06 17:34:32.165 T:2884    debug <general>: CKeyboardLayoutManager: keyboard layout "Slovenian QWERTZ" successfully loaded
2026-06-06 17:34:32.167 T:2884    debug <general>: CKeyboardLayoutManager: keyboard layout "Thai Kedmanee" successfully loaded
2026-06-06 17:34:32.169 T:2884    debug <general>: CKeyboardLayoutManager: keyboard layout "Norwegian QWERTY" successfully loaded
2026-06-06 17:34:32.170 T:2884    debug <general>: CKeyboardLayoutManager: keyboard layout "Bulgarian ЯВЕРТЪ" successfully loaded
2026-06-06 17:34:32.170 T:2884    debug <general>: CKeyboardLayoutManager: keyboard layout "Bulgarian АБВ" successfully loaded
2026-06-06 17:34:32.172 T:2884    debug <general>: CKeyboardLayoutManager: keyboard layout "Ukrainian ЙЦУКЕН" successfully loaded
2026-06-06 17:34:32.172 T:2884    debug <general>: CKeyboardLayoutManager: keyboard layout "Ukrainian АБВ" successfully loaded
2026-06-06 17:34:32.173 T:2884    debug <general>: CKeyboardLayoutManager: keyboard layout "Russian ЙЦУКЕН" successfully loaded
2026-06-06 17:34:32.173 T:2884    debug <general>: CKeyboardLayoutManager: keyboard layout "Russian АБВ" successfully loaded
2026-06-06 17:34:32.175 T:2884    debug <general>: CKeyboardLayoutManager: keyboard layout "Hebrew QWERTY" successfully loaded
2026-06-06 17:34:32.176 T:2884    debug <general>: CKeyboardLayoutManager: keyboard layout "Hebrew ABC" successfully loaded
2026-06-06 17:34:32.177 T:2884    debug <general>: CKeyboardLayoutManager: keyboard layout "Slovak QWERTZ" successfully loaded
2026-06-06 17:34:32.178 T:2884    debug <general>: CKeyboardLayoutManager: keyboard layout "Slovak QWERTY" successfully loaded
2026-06-06 17:34:32.178 T:2884    debug <general>: CKeyboardLayoutManager: keyboard layout "Slovak ABC" successfully loaded
2026-06-06 17:34:32.179 T:2884    debug <general>: CKeyboardLayoutManager: keyboard layout "Turkish QWERTY" successfully loaded
2026-06-06 17:34:32.181 T:2884    debug <general>: CKeyboardLayoutManager: keyboard layout "Arabic QWERTY" successfully loaded
2026-06-06 17:34:32.183 T:2884    debug <general>: CKeyboardLayoutManager: keyboard layout "German QWERTZ" successfully loaded
2026-06-06 17:34:32.183 T:2884    debug <general>: CKeyboardLayoutManager: keyboard layout "German ABC" successfully loaded
2026-06-06 17:34:32.185 T:2884    debug <general>: CKeyboardLayoutManager: keyboard layout "Silesian QWERTY" successfully loaded
2026-06-06 17:34:32.186 T:2884    debug <general>: CKeyboardLayoutManager: keyboard layout "Romanian QWERTY" successfully loaded
2026-06-06 17:34:32.187 T:2884    debug <general>: CKeyboardLayoutManager: keyboard layout "Italian QWERTY" successfully loaded
2026-06-06 17:34:32.187 T:2884    debug <general>: CKeyboardLayoutManager: keyboard layout "Italian ABC" successfully loaded
2026-06-06 17:34:32.189 T:2884    debug <general>: CKeyboardLayoutManager: keyboard layout "Hungarian QWERTZ" successfully loaded
2026-06-06 17:34:32.190 T:2884    debug <general>: CKeyboardLayoutManager: keyboard layout "Lithuanian AZERTY" successfully loaded
2026-06-06 17:34:32.190 T:2884    debug <general>: CKeyboardLayoutManager: keyboard layout "Lithuanian QWERTY" successfully loaded
2026-06-06 17:34:32.191 T:2884    debug <general>: CKeyboardLayoutManager: keyboard layout "Greek QWERTY" successfully loaded
2026-06-06 17:34:32.194 T:2884    debug <general>: CKeyboardLayoutManager: keyboard layout "Spanish QWERTY" successfully loaded
2026-06-06 17:34:32.195 T:2884    debug <general>: CKeyboardLayoutManager: keyboard layout "Croatian QWERTY" successfully loaded
2026-06-06 17:34:32.196 T:2884    debug <general>: CKeyboardLayoutManager: keyboard layout "Danish QWERTY" successfully loaded
2026-06-06 17:34:32.198 T:2884    debug <general>: CKeyboardLayoutManager: keyboard layout "Swedish QWERTY" successfully loaded
2026-06-06 17:34:32.200 T:2884    debug <general>: CKeyboardLayoutManager: keyboard layout "Portuguese (Brazil) QWERTY" successfully loaded
2026-06-06 17:34:32.200 T:2884    debug <general>: CKeyboardLayoutManager: keyboard layout "Portuguese (Portugal) QWERTY" successfully loaded
2026-06-06 17:34:32.202 T:2884    debug <general>: CKeyboardLayoutManager: keyboard layout "Korean ㄱㄴㄷ" successfully loaded
2026-06-06 17:34:32.203 T:2884    debug <general>: CApplication::CreateGUI - trying to init default windowing system
2026-06-06 17:34:32.204 T:2884    debug <general>: CWinEventsAndroid::CWinEventsAndroid
2026-06-06 17:34:32.204 T:2929    debug <general>: Thread CWinEventsAndroid start, auto delete: false
2026-06-06 17:34:32.205 T:2884    debug <general>: CAndroidUtils: maximum/current resolution: 0x0
2026-06-06 17:34:32.205 T:2884    debug <general>: CAndroidUtils: selected resolution: 0x0
2026-06-06 17:34:32.205 T:2884    debug <general>: CAndroidUtils: Display supported HDR types: None
2026-06-06 17:34:32.207 T:2884     info <general>: Load: loading filters from special://masterprofile/decoderfilter.xml
2026-06-06 17:34:32.233 T:2884     info <general>: Mediacodec decoder: c2.android.aac.decoder
2026-06-06 17:34:32.233 T:2884     info <general>: Mediacodec decoder: OMX.google.aac.decoder
2026-06-06 17:34:32.233 T:2884     info <general>: Mediacodec decoder: c2.android.amrnb.decoder
2026-06-06 17:34:32.233 T:2884     info <general>: Mediacodec decoder: OMX.google.amrnb.decoder
2026-06-06 17:34:32.233 T:2884     info <general>: Mediacodec decoder: c2.android.amrwb.decoder
2026-06-06 17:34:32.233 T:2884     info <general>: Mediacodec decoder: OMX.google.amrwb.decoder
2026-06-06 17:34:32.234 T:2884     info <general>: Mediacodec decoder: c2.android.flac.decoder
2026-06-06 17:34:32.234 T:2884     info <general>: Mediacodec decoder: OMX.google.flac.decoder
2026-06-06 17:34:32.234 T:2884     info <general>: Mediacodec decoder: c2.android.g711.alaw.decoder
2026-06-06 17:34:32.234 T:2884     info <general>: Mediacodec decoder: OMX.google.g711.alaw.decoder
2026-06-06 17:34:32.234 T:2884     info <general>: Mediacodec decoder: c2.android.g711.mlaw.decoder
2026-06-06 17:34:32.234 T:2884     info <general>: Mediacodec decoder: OMX.google.g711.mlaw.decoder
2026-06-06 17:34:32.234 T:2884     info <general>: Mediacodec decoder: c2.android.mp3.decoder
2026-06-06 17:34:32.234 T:2884     info <general>: Mediacodec decoder: OMX.google.mp3.decoder
2026-06-06 17:34:32.234 T:2884     info <general>: Mediacodec decoder: c2.android.opus.decoder
2026-06-06 17:34:32.235 T:2884     info <general>: Mediacodec decoder: OMX.google.opus.decoder
2026-06-06 17:34:32.235 T:2884     info <general>: Mediacodec decoder: c2.android.raw.decoder
2026-06-06 17:34:32.235 T:2884     info <general>: Mediacodec decoder: OMX.google.raw.decoder
2026-06-06 17:34:32.235 T:2884     info <general>: Mediacodec decoder: c2.android.vorbis.decoder
2026-06-06 17:34:32.235 T:2884     info <general>: Mediacodec decoder: OMX.google.vorbis.decoder
2026-06-06 17:34:32.235 T:2884     info <general>: Mediacodec decoder: OMX.google.gsm.decoder
2026-06-06 17:34:32.235 T:2884     info <general>: Mediacodec decoder: OMX.qcom.video.decoder.avc
2026-06-06 17:34:32.235 T:2884     info <general>: Mediacodec decoder: OMX.qcom.video.decoder.hevc
2026-06-06 17:34:32.235 T:2884     info <general>: Mediacodec decoder: c2.android.av1.decoder
2026-06-06 17:34:32.235 T:2884     info <general>: Mediacodec decoder: c2.android.avc.decoder
2026-06-06 17:34:32.235 T:2884     info <general>: Mediacodec decoder: OMX.google.h264.decoder
2026-06-06 17:34:32.235 T:2884     info <general>: Mediacodec decoder: c2.qti.avc.decoder
2026-06-06 17:34:32.235 T:2884     info <general>: Mediacodec decoder: c2.android.h263.decoder
2026-06-06 17:34:32.235 T:2884     info <general>: Mediacodec decoder: OMX.google.h263.decoder
2026-06-06 17:34:32.235 T:2884     info <general>: Mediacodec decoder: c2.android.hevc.decoder
2026-06-06 17:34:32.236 T:2884     info <general>: Mediacodec decoder: OMX.google.hevc.decoder
2026-06-06 17:34:32.236 T:2884     info <general>: Mediacodec decoder: c2.qti.hevc.decoder
2026-06-06 17:34:32.236 T:2884     info <general>: Mediacodec decoder: c2.android.mpeg4.decoder
2026-06-06 17:34:32.236 T:2884     info <general>: Mediacodec decoder: OMX.google.mpeg4.decoder
2026-06-06 17:34:32.236 T:2884     info <general>: Mediacodec decoder: c2.android.vp8.decoder
2026-06-06 17:34:32.236 T:2884     info <general>: Mediacodec decoder: OMX.google.vp8.decoder
2026-06-06 17:34:32.236 T:2884     info <general>: Mediacodec decoder: c2.android.vp9.decoder
2026-06-06 17:34:32.236 T:2884     info <general>: Mediacodec decoder: OMX.google.vp9.decoder
2026-06-06 17:34:32.237 T:2884     info <general>: RetroPlayer[RENDER]: Registering renderer factory for OpenGLES
2026-06-06 17:34:32.238 T:2884     info <general>: CAndroidUtils: window resolution: 1600x900
2026-06-06 17:34:32.239 T:2884     info <general>: CAndroidUtils: Current display refresh rate: 60.000004
2026-06-06 17:34:32.239 T:2884     info <general>: CAndroidUtils: Current resolution: 1600x900 1600x900 @ 60.000004 - Full Screen
2026-06-06 17:34:32.239 T:2884    debug <general>: CAndroidUtils: ProbeResolutions: 1600x900
2026-06-06 17:34:32.239 T:2884     info <general>: CAndroidUtils: Current display refresh rate: 60.000004
2026-06-06 17:34:32.239 T:2884     info <general>: CAndroidUtils: Current resolution: 1600x900 1600x900 @ 60.000004 - Full Screen
2026-06-06 17:34:32.240 T:2884     info <general>: EGL_VERSION = 1.4 Android META-EGL
2026-06-06 17:34:32.240 T:2884     info <general>: EGL_VENDOR = Android
2026-06-06 17:34:32.240 T:2884     info <general>: EGL_EXTENSIONS = EGL_ANDROID_front_buffer_auto_refresh EGL_ANDROID_get_frame_timestamps EGL_ANDROID_get_native_client_buffer EGL_ANDROID_presentation_time EGL_EXT_surface_CTA861_3_metadata EGL_EXT_surface_SMPTE2086_metadata EGL_KHR_get_all_proc_addresses EGL_KHR_swap_buffers_with_damage EGL_ANDROID_image_native_buffer EGL_KHR_create_context EGL_KHR_fence_sync EGL_KHR_gl_texture_2D_image EGL_KHR_image_base EGL_KHR_surfaceless_context 
2026-06-06 17:34:32.240 T:2884     info <general>: EGL_CLIENT_EXTENSIONS = EGL_ANDROID_GLES_layers EGL_ANGLE_platform_angle EGL_EXT_client_extensions EGL_KHR_platform_android 
2026-06-06 17:34:32.246 T:2884    debug <general>: EGL Config Attributes:
2026-06-06 17:34:32.246 T:2884    debug <general>:   EGL_BUFFER_SIZE: 32
2026-06-06 17:34:32.247 T:2884    debug <general>:   EGL_ALPHA_SIZE: 8
2026-06-06 17:34:32.247 T:2884    debug <general>:   EGL_BLUE_SIZE: 8
2026-06-06 17:34:32.247 T:2884    debug <general>:   EGL_GREEN_SIZE: 8
2026-06-06 17:34:32.247 T:2884    debug <general>:   EGL_RED_SIZE: 8
2026-06-06 17:34:32.247 T:2884    debug <general>:   EGL_DEPTH_SIZE: 16
2026-06-06 17:34:32.247 T:2884    debug <general>:   EGL_STENCIL_SIZE: 0
2026-06-06 17:34:32.247 T:2884    debug <general>:   EGL_CONFIG_CAVEAT: 0x3038
2026-06-06 17:34:32.247 T:2884    debug <general>:   EGL_CONFIG_ID: 16
2026-06-06 17:34:32.247 T:2884    debug <general>:   EGL_LEVEL: 0
2026-06-06 17:34:32.247 T:2884    debug <general>:   EGL_MAX_PBUFFER_HEIGHT: 16384
2026-06-06 17:34:32.247 T:2884    debug <general>:   EGL_MAX_PBUFFER_PIXELS: 268435456
2026-06-06 17:34:32.247 T:2884    debug <general>:   EGL_MAX_PBUFFER_WIDTH: 16384
2026-06-06 17:34:32.247 T:2884    debug <general>:   EGL_NATIVE_RENDERABLE: 1
2026-06-06 17:34:32.247 T:2884    debug <general>:   EGL_NATIVE_VISUAL_ID: 1
2026-06-06 17:34:32.247 T:2884    debug <general>:   EGL_NATIVE_VISUAL_TYPE: 0x3038
2026-06-06 17:34:32.247 T:2884    debug <general>:   EGL_SAMPLES: 0
2026-06-06 17:34:32.248 T:2884    debug <general>:   EGL_SAMPLE_BUFFERS: 0
2026-06-06 17:34:32.248 T:2884    debug <general>:   EGL_SURFACE_TYPE: 133
2026-06-06 17:34:32.248 T:2884    debug <general>:   EGL_TRANSPARENT_TYPE: 0x3038
2026-06-06 17:34:32.248 T:2884    debug <general>:   EGL_TRANSPARENT_BLUE_VALUE: 0
2026-06-06 17:34:32.248 T:2884    debug <general>:   EGL_TRANSPARENT_GREEN_VALUE: 0
2026-06-06 17:34:32.248 T:2884    debug <general>:   EGL_TRANSPARENT_RED_VALUE: 0
2026-06-06 17:34:32.248 T:2884    debug <general>:   EGL_BIND_TO_TEXTURE_RGB: 0
2026-06-06 17:34:32.248 T:2884    debug <general>:   EGL_BIND_TO_TEXTURE_RGBA: 1
2026-06-06 17:34:32.248 T:2884    debug <general>:   EGL_MIN_SWAP_INTERVAL: 0
2026-06-06 17:34:32.248 T:2884    debug <general>:   EGL_MAX_SWAP_INTERVAL: 1
2026-06-06 17:34:32.248 T:2884    debug <general>:   EGL_LUMINANCE_SIZE: 0
2026-06-06 17:34:32.248 T:2884    debug <general>:   EGL_ALPHA_MASK_SIZE: 0
2026-06-06 17:34:32.248 T:2884    debug <general>:   EGL_COLOR_BUFFER_TYPE: 0x308e
2026-06-06 17:34:32.248 T:2884    debug <general>:   EGL_RENDERABLE_TYPE: 69
2026-06-06 17:34:32.248 T:2884    debug <general>:   EGL_CONFORMANT: 69
2026-06-06 17:34:32.249 T:2884     info <general>: failed to find EGL configs with appropriate attributes (EGL_SUCCESS)
2026-06-06 17:34:32.249 T:2884    debug <general>: CWinSystemAndroidGLESContext::InitWindowSystem: HDRConfig: 0, HDRExtensions: 0
2026-06-06 17:34:32.252 T:2884     info <general>: CApplication::CreateGUI - using the default windowing system
2026-06-06 17:34:32.252 T:2884     info <general>: Checking resolution 16
2026-06-06 17:34:32.253 T:2884     info <general>: CAndroidUtils: SetNativeResolution: -1: 1600x900 1600x900@60.000004
2026-06-06 17:34:37.368 T:2884     info <general>: GL_VENDOR = Qualcomm
2026-06-06 17:34:37.382 T:2884     info <general>: GL_RENDERER = Adreno (TM) 640
2026-06-06 17:34:37.382 T:2884     info <general>: GL_VERSION = OpenGL ES 3.2 V132
2026-06-06 17:34:37.382 T:2884     info <general>: GL_SHADING_LANGUAGE_VERSION = OpenGL ES GLSL ES 3.20
2026-06-06 17:34:37.385 T:2884     info <general>: GL_EXTENSIONS = GL_ANDROID_extension_pack_es31a GL_EXT_EGL_image_external_wrap_modes GL_EXT_blend_minmax GL_EXT_color_buffer_float GL_EXT_color_buffer_half_float GL_EXT_copy_image GL_EXT_debug_marker GL_EXT_discard_framebuffer GL_EXT_disjoint_timer_query GL_EXT_draw_buffers GL_EXT_draw_buffers_indexed GL_EXT_draw_elements_base_vertex GL_EXT_float_blend GL_EXT_frag_depth GL_EXT_geometry_shader GL_EXT_gpu_shader5 GL_EXT_instanced_arrays GL_EXT_multi_draw_indirect GL_EXT_occlusion_query_boolean GL_EXT_primitive_bounding_box GL_EXT_read_format_bgra GL_EXT_robustness GL_EXT_sRGB GL_EXT_shader_io_blocks GL_EXT_shader_texture_lod GL_EXT_tessellation_shader GL_EXT_texture_border_clamp GL_EXT_texture_buffer GL_EXT_texture_compression_bptc GL_EXT_texture_compression_dxt1 GL_EXT_texture_compression_rgtc GL_EXT_texture_compression_s3tc GL_EXT_texture_compression_s3tc_srgb GL_EXT_texture_cube_map_array GL_EXT_texture_filter_anisotropic GL_EXT_texture_format_BGRA8888 GL_EXT_texture_norm16 GL_EXT_texture_rg GL_EXT_texture_sRGB_decode GL_EXT_texture_storage GL_EXT_unpack_subimage GL_KHR_blend_equation_advanced GL_KHR_debug GL_KHR_texture_compression_astc_ldr GL_OES_EGL_image GL_OES_EGL_image_external GL_OES_EGL_image_external_essl3 GL_OES_compressed_EAC_R11_signed_texture GL_OES_compressed_EAC_R11_unsigned_texture GL_OES_compressed_EAC_RG11_signed_texture GL_OES_compressed_EAC_RG11_unsigned_texture GL_OES_compressed_ETC1_RGB8_texture GL_OES_compressed_ETC2_RGB8_texture GL_OES_compressed_ETC2_RGBA8_texture GL_OES_compressed_ETC2_punchthroughA_RGBA8_texture GL_OES_compressed_ETC2_punchthroughA_sRGB8_alpha_texture GL_OES_compressed_ETC2_sRGB8_alpha8_texture GL_OES_compressed_ETC2_sRGB8_texture GL_OES_copy_image GL_OES_depth24 GL_OES_depth32 GL_OES_depth_texture GL_OES_depth_texture_cube_map GL_OES_draw_elements_base_vertex GL_OES_element_index_uint GL_OES_fbo_render_mipmap GL_OES_geometry_shader GL_OES_packed_depth_stencil GL_OES_primitive_bounding_box GL_OES_rgb8_rgba8 GL_OES_sample_shading GL_OES_sample_variables GL_OES_shader_image_atomic GL_OES_shader_io_blocks GL_OES_shader_multisample_interpolation GL_OES_standard_derivatives GL_OES_surfaceless_context GL_OES_texture_3D GL_OES_texture_border_clamp GL_OES_texture_buffer GL_OES_texture_cube_map_array GL_OES_texture_float GL_OES_texture_float_linear GL_OES_texture_half_float GL_OES_texture_half_float_linear GL_OES_texture_npot GL_OES_texture_stencil8 GL_OES_texture_storage_multisample_2d_array GL_OES_vertex_array_object GL_OES_vertex_half_float
2026-06-06 17:34:37.488 T:2884     info <general>: CAndroidUtils: SetNativeResolution: -1: 1600x900 1600x900@60.000004
2026-06-06 17:34:37.522 T:2884     info <general>: GLES: Maximum texture width: 16384
2026-06-06 17:34:37.721 T:2884    debug <general>: guilib: Fill viewport on change for solving rendering passes
2026-06-06 17:34:38.508 T:2884     info <general>: GLES: Enabling VSYNC
2026-06-06 17:34:38.569 T:2884     info <general>: load keymapping
2026-06-06 17:34:38.714 T:2884     info <general>: Loading special://xbmc/system/keymaps/appcommand.xml
2026-06-06 17:34:38.744 T:2884     info <general>: Loading special://xbmc/system/keymaps/customcontroller.AppleRemote.xml
2026-06-06 17:34:38.757 T:2884     info <general>: Loading special://xbmc/system/keymaps/customcontroller.Harmony.xml
2026-06-06 17:34:38.773 T:2884     info <general>: Loading special://xbmc/system/keymaps/customcontroller.SiriRemote.xml
2026-06-06 17:34:38.775 T:2884     info <general>: Loading special://xbmc/system/keymaps/gamepad.xml
2026-06-06 17:34:38.793 T:2884     info <general>: Loading special://xbmc/system/keymaps/joystick.xml
2026-06-06 17:34:38.815 T:2884     info <general>: Loading special://xbmc/system/keymaps/keyboard.xml
2026-06-06 17:34:38.871 T:2884     info <general>: Loading special://xbmc/system/keymaps/mouse.xml
2026-06-06 17:34:38.873 T:2884     info <general>: Loading special://xbmc/system/keymaps/remote.xml
2026-06-06 17:34:38.884 T:2884     info <general>: Loading special://xbmc/system/keymaps/touchscreen.xml
2026-06-06 17:34:38.902 T:2884     info <general>: GUI format 1600x900, Display 1600x900 @ 60.000004 - Full Screen
2026-06-06 17:34:38.910 T:3265    debug <general>: Thread ActiveAE start, auto delete: false
2026-06-06 17:34:38.913 T:3266    debug <general>: Thread AESink start, auto delete: false
2026-06-06 17:34:38.920 T:3265    debug <general>: [threads] name: 'AESink' priority: '-11'
2026-06-06 17:34:39.689 T:3265    debug <general>: VerifySinkConfiguration samplerate: 48000 mask: 12 encoding: 4 success: true
2026-06-06 17:34:39.746 T:3265    debug <general>: VerifySinkConfiguration samplerate: 48000 mask: 6396 encoding: 4 success: true
2026-06-06 17:34:39.748 T:3265     info <general>: Float is supported
2026-06-06 17:34:39.748 T:3265     info <general>: Multi channel Float is supported
2026-06-06 17:34:39.752 T:3265    debug <general>: AESinkAUDIOTRACK - 32000 supported
2026-06-06 17:34:39.755 T:3265    debug <general>: AESinkAUDIOTRACK - 44100 supported
2026-06-06 17:34:39.757 T:3265    debug <general>: AESinkAUDIOTRACK - 48000 supported
2026-06-06 17:34:39.758 T:3265    debug <general>: AESinkAUDIOTRACK - 88200 supported
2026-06-06 17:34:39.759 T:3265    debug <general>: AESinkAUDIOTRACK - 96000 supported
2026-06-06 17:34:39.760 T:3265    debug <general>: AESinkAUDIOTRACK - 176400 supported
2026-06-06 17:34:39.761 T:3265    debug <general>: AESinkAUDIOTRACK - 192000 supported
2026-06-06 17:34:39.779 T:3265    debug <general>: VerifySinkConfiguration samplerate: 48000 mask: 12 encoding: 13 success: false
2026-06-06 17:34:39.800 T:3265    debug <general>: VerifySinkConfiguration samplerate: 48000 mask: 12 encoding: 4 success: true
2026-06-06 17:34:39.825 T:3265    debug <general>: VerifySinkConfiguration samplerate: 48000 mask: 6396 encoding: 4 success: true
2026-06-06 17:34:39.825 T:3265     info <general>: Float is supported
2026-06-06 17:34:39.825 T:3265     info <general>: Multi channel Float is supported
2026-06-06 17:34:39.826 T:3265    debug <general>: AESinkAUDIOTRACK - 32000 supported
2026-06-06 17:34:39.827 T:3265    debug <general>: AESinkAUDIOTRACK - 44100 supported
2026-06-06 17:34:39.829 T:3265    debug <general>: AESinkAUDIOTRACK - 48000 supported
2026-06-06 17:34:39.837 T:3265    debug <general>: AESinkAUDIOTRACK - 88200 supported
2026-06-06 17:34:39.840 T:3265    debug <general>: AESinkAUDIOTRACK - 96000 supported
2026-06-06 17:34:39.841 T:3265    debug <general>: AESinkAUDIOTRACK - 176400 supported
2026-06-06 17:34:39.841 T:3265    debug <general>: AESinkAUDIOTRACK - 192000 supported
2026-06-06 17:34:39.848 T:3265    debug <general>: VerifySinkConfiguration samplerate: 48000 mask: 12 encoding: 5 success: false
2026-06-06 17:34:39.854 T:3265    debug <general>: VerifySinkConfiguration samplerate: 48000 mask: 12 encoding: 6 success: false
2026-06-06 17:34:39.865 T:3265    debug <general>: VerifySinkConfiguration samplerate: 48000 mask: 12 encoding: 7 success: false
2026-06-06 17:34:39.874 T:3265    debug <general>: VerifySinkConfiguration samplerate: 48000 mask: 6396 encoding: 8 success: false
2026-06-06 17:34:39.880 T:3265    debug <general>: VerifySinkConfiguration samplerate: 48000 mask: 6396 encoding: 14 success: false
2026-06-06 17:34:39.913 T:3265     info <general>: Found 1 Lists of Devices
2026-06-06 17:34:39.913 T:3265     info <general>: Enumerated AUDIOTRACK devices:
2026-06-06 17:34:39.914 T:3265     info <general>:     Device 1
2026-06-06 17:34:39.970 T:3265     info <general>:         m_deviceName      : AudioTrack (RAW)
2026-06-06 17:34:39.971 T:3265     info <general>:         m_displayName     : AudioTrack (RAW)
2026-06-06 17:34:39.971 T:3265     info <general>:         m_displayNameExtra: Android IEC packer
2026-06-06 17:34:39.971 T:3265     info <general>:         m_deviceType      : AE_DEVTYPE_HDMI
2026-06-06 17:34:39.971 T:3265     info <general>:         m_channels        : FL, FR, FC, LFE, SL, SR, BL, BR, BC, BLOC, BROC
2026-06-06 17:34:39.971 T:3265     info <general>:         m_sampleRates     : 32000,44100,48000,88200,96000,176400,192000,32000,44100,48000,88200,96000,176400,192000
2026-06-06 17:34:39.971 T:3265     info <general>:         m_dataFormats     : AE_FMT_S16LE,AE_FMT_FLOAT,AE_FMT_RAW,AE_FMT_S16LE,AE_FMT_FLOAT,AE_FMT_RAW
2026-06-06 17:34:39.971 T:3265     info <general>:         m_streamTypes     : No passthrough capabilities
2026-06-06 17:34:39.972 T:3265  warning <general>: ValidateOutputDevices: audio output device setting has been updated from 'Default' to 'AUDIOTRACK:AudioTrack (RAW)|Android IEC packer'
2026-06-06 17:34:39.972 T:3265  warning <general>: ValidateOutputDevices: passthrough output device setting has been updated from 'Default' to 'AUDIOTRACK:AudioTrack (RAW)|Android IEC packer'
2026-06-06 17:34:39.973 T:3266     info <general>: CActiveAESink::OpenSink - initialize sink
2026-06-06 17:34:39.973 T:3266    debug <general>: CActiveAESink::OpenSink - trying to open device AUDIOTRACK:AudioTrack (RAW)
2026-06-06 17:34:39.974 T:3266    debug <general>: CAESinkAUDIOTRACK::Initialize requested: sampleRate 44100; format: AE_FMT_FLOAT; channels: 2
2026-06-06 17:34:39.974 T:3266    debug <general>: Updated SampleRate: 32000 Distance: 108900
2026-06-06 17:34:39.974 T:3266    debug <general>: Updated SampleRate: 44100 Distance: 0
2026-06-06 17:34:39.980 T:3266     info <general>: Trying to open: samplerate: 44100, channelMask: 12, encoding: 4
2026-06-06 17:34:39.980 T:3266     info <general>: Minimum size we need for stream: 22656 Bytes
2026-06-06 17:34:39.980 T:3266     info <general>: Audiotrack buffer params are: period time = 32.109 ms, period size = 11328 bytes, num periods = 4
2026-06-06 17:34:39.987 T:3266     info <general>: Created Audiotrackbuffer with playing time of 128.435374 ms min buffer size: 45312 bytes
2026-06-06 17:34:40.012 T:3266     info <general>: CAESinkAUDIOTRACK::Initializing with: m_sampleRate: 44100 format: AE_FMT_FLOAT (AE) method: PCM stream-type: PCM-STREAM min_buffer_size: 45312 m_frames: 1416 m_frameSize: 8 channels: 2
2026-06-06 17:34:40.012 T:3266    debug <general>: CActiveAESink::OpenSink - AUDIOTRACK Initialized:
2026-06-06 17:34:40.012 T:3266    debug <general>:   Output Device : AudioTrack (RAW)
2026-06-06 17:34:40.012 T:3266    debug <general>:   Sample Rate   : 44100
2026-06-06 17:34:40.012 T:3266    debug <general>:   Sample Format : AE_FMT_FLOAT
2026-06-06 17:34:40.012 T:3266    debug <general>:   Channel Count : 2
2026-06-06 17:34:40.012 T:3266    debug <general>:   Channel Layout: FL, FR
2026-06-06 17:34:40.012 T:3266    debug <general>:   Frames        : 1416
2026-06-06 17:34:40.012 T:3266    debug <general>:   Frame Size    : 8
2026-06-06 17:34:40.075 T:3266    debug <general>: Could not acquire timestamp
2026-06-06 17:34:40.115 T:2884     info <general>: CLangInfo: loading resource.language.en_gb language information...
2026-06-06 17:34:40.281 T:2884    debug <general>: trying to set locale to en_US.UTF-8
2026-06-06 17:34:40.301 T:2884     info <general>: global locale set to en_US.UTF-8
2026-06-06 17:34:40.302 T:2884     info <general>: CLangInfo: loading resource.language.en_gb language strings...
2026-06-06 17:34:40.387 T:2884    debug <general>: LocalizeStrings: loaded 4428 strings from file resource://resource.language.en_gb/strings.po
2026-06-06 17:34:40.491 T:2884    debug <general>: LocalizeStrings: loaded 3 strings from file /data/user/0/org.xbmc.kodi/cache/apk/assets/addons/audioencoder.kodi.builtin.aac/resources/language/resource.language.en_gb/strings.po
2026-06-06 17:34:40.621 T:2884    debug <general>: LocalizeStrings: loaded 3 strings from file /data/user/0/org.xbmc.kodi/cache/apk/assets/addons/audioencoder.kodi.builtin.wma/resources/language/resource.language.en_gb/strings.po
2026-06-06 17:34:40.649 T:2884    debug <general>: LocalizeStrings: loaded 18 strings from file /data/user/0/org.xbmc.kodi/cache/apk/assets/addons/game.controller.default/resources/language/resource.language.en_gb/strings.po
2026-06-06 17:34:40.664 T:2884    debug <general>: LocalizeStrings: loaded 141 strings from file /data/user/0/org.xbmc.kodi/cache/apk/assets/addons/game.controller.keyboard/resources/language/resource.language.en_gb/strings.po
2026-06-06 17:34:40.748 T:2884    debug <general>: LocalizeStrings: loaded 11 strings from file /data/user/0/org.xbmc.kodi/cache/apk/assets/addons/game.controller.mouse/resources/language/resource.language.en_gb/strings.po
2026-06-06 17:34:40.803 T:2884    debug <general>: LocalizeStrings: loaded 13 strings from file /storage/emulated/0/Android/data/org.xbmc.kodi/files/.kodi/addons/game.controller.snes/resources/language/resource.language.en_gb/strings.po
2026-06-06 17:34:40.816 T:2884    debug <general>: LocalizeStrings: loaded 17 strings from file /storage/emulated/0/Android/data/org.xbmc.kodi/files/.kodi/addons/metadata.album.universal/resources/language/resource.language.en_gb/strings.po
2026-06-06 17:34:40.827 T:2884    debug <general>: LocalizeStrings: loaded 32 strings from file /storage/emulated/0/Android/data/org.xbmc.kodi/files/.kodi/addons/metadata.artists.universal/resources/language/resource.language.en_gb/strings.po
2026-06-06 17:34:40.864 T:2884    debug <general>: LocalizeStrings: loaded 17 strings from file /storage/emulated/0/Android/data/org.xbmc.kodi/files/.kodi/addons/metadata.generic.albums/resources/language/resource.language.en_gb/strings.po
2026-06-06 17:34:40.899 T:2884    debug <general>: LocalizeStrings: loaded 15 strings from file /data/user/0/org.xbmc.kodi/cache/apk/assets/addons/metadata.generic.artists/resources/language/resource.language.en_gb/strings.po
2026-06-06 17:34:40.949 T:2884    debug <general>: LocalizeStrings: loaded 24 strings from file /storage/emulated/0/Android/data/org.xbmc.kodi/files/.kodi/addons/metadata.themoviedb.org.python/resources/language/resource.language.en_gb/strings.po
2026-06-06 17:34:40.977 T:2884    debug <general>: LocalizeStrings: loaded 35 strings from file /storage/emulated/0/Android/data/org.xbmc.kodi/files/.kodi/addons/metadata.tvshows.themoviedb.org.python/resources/language/resource.language.en_gb/strings.po
2026-06-06 17:34:41.002 T:2884    debug <general>: LocalizeStrings: loaded 9 strings from file /storage/emulated/0/Android/data/org.xbmc.kodi/files/.kodi/addons/peripheral.joystick/resources/language/resource.language.en_gb/strings.po
2026-06-06 17:34:41.040 T:2884    debug <general>: LocalizeStrings: loaded 0 strings from file /data/user/0/org.xbmc.kodi/cache/apk/assets/addons/repository.xbmc.org/resources/language/resource.language.en_gb/strings.po
2026-06-06 17:34:41.071 T:2884    debug <general>: LocalizeStrings: loaded 3 strings from file /data/user/0/org.xbmc.kodi/cache/apk/assets/addons/screensaver.xbmc.builtin.dim/resources/language/resource.language.en_gb/strings.po
2026-06-06 17:34:41.115 T:2884    debug <general>: POParser: PO file has Win Style Line Endings. Converted in memory to Linux LF for file: /storage/emulated/0/Android/data/org.xbmc.kodi/files/.kodi/addons/script.module.resolveurl/resources/language/resource.language.en_gb/strings.po
2026-06-06 17:34:41.117 T:2884    debug <general>: LocalizeStrings: loaded 107 strings from file /storage/emulated/0/Android/data/org.xbmc.kodi/files/.kodi/addons/script.module.resolveurl/resources/language/resource.language.en_gb/strings.po
2026-06-06 17:34:41.183 T:2884    debug <general>: LocalizeStrings: loaded 22 strings from file /storage/emulated/0/Android/data/org.xbmc.kodi/files/.kodi/addons/service.xbmc.versioncheck/resources/language/resource.language.en_gb/strings.po
2026-06-06 17:34:41.303 T:3332    debug <general>: Thread JobWorker start, auto delete: true
2026-06-06 17:34:41.313 T:3332    debug <general>: [threads] name: 'JobWorker' priority: '-9'
2026-06-06 17:34:41.314 T:3332    debug <general>: Initialize, updating databases...
2026-06-06 17:34:41.452 T:3332     info <general>: Running database version Addons33
2026-06-06 17:34:41.457 T:3332     info <general>: Running database version ViewModes6
2026-06-06 17:34:41.469 T:3332     info <general>: Running database version Textures13
2026-06-06 17:34:41.528 T:3332     info <general>: Running database version MyMusic83
2026-06-06 17:34:41.613 T:3332     info <general>: Running database version MyVideos131
2026-06-06 17:34:41.644 T:3332     info <general>: Running database version TV46
2026-06-06 17:34:41.668 T:3332     info <general>: Running database version Epg16
2026-06-06 17:34:41.669 T:3332    debug <general>: Initialize, updating databases... DONE
2026-06-06 17:34:42.432 T:2884     info <general>: Unloaded skin
2026-06-06 17:34:42.510 T:2884     info <general>:   load skin from: /data/user/0/org.xbmc.kodi/cache/apk/assets/addons/skin.estuary/ (version: 4.0.0)
2026-06-06 17:34:42.510 T:2884     info <general>:   load fonts for skin...
2026-06-06 17:34:42.566 T:2884     info <general>: Loading skin includes from /data/user/0/org.xbmc.kodi/cache/apk/assets/addons/skin.estuary/xml/Includes.xml
2026-06-06 17:34:42.870 T:2884     info <general>: LoadFontsFromFile: Loading <fontset> with name 'Default' from '/data/user/0/org.xbmc.kodi/cache/apk/assets/addons/skin.estuary/xml/Font.xml'
2026-06-06 17:34:43.396 T:2884    debug <general>: LocalizeStrings: loaded 166 strings from file /data/user/0/org.xbmc.kodi/cache/apk/assets/addons/skin.estuary/language/resource.language.en_gb/strings.po
2026-06-06 17:34:43.513 T:2884     info <general>: LoadTimers: Trying to load skin timers from /data/user/0/org.xbmc.kodi/cache/apk/assets/addons/skin.estuary/xml/Timers.xml
2026-06-06 17:34:43.908 T:2884     info <general>:   load new skin...
2026-06-06 17:34:43.917 T:2884     info <general>: Loading custom window XMLs from skin path /data/user/0/org.xbmc.kodi/cache/apk/assets/addons/skin.estuary/xml
2026-06-06 17:34:44.031 T:2884    debug <general>: Load Skin XML: 122.92 ms
2026-06-06 17:34:44.032 T:2884     info <general>:   initialize new skin...
2026-06-06 17:34:44.040 T:2884    debug <general>: guilib: Fill viewport on change for solving rendering passes
2026-06-06 17:34:44.047 T:2884     info <general>: Loading skin file: DialogBusy.xml, load type: LOAD_ON_GUI_INIT
2026-06-06 17:34:44.152 T:2884     info <general>: Skipped 1 duplicate messages..
2026-06-06 17:34:44.152 T:2884     info <general>: Loading skin file: DialogNotification.xml, load type: LOAD_ON_GUI_INIT
2026-06-06 17:34:44.175 T:2884     info <general>: Loading skin file: DialogVolumeBar.xml, load type: LOAD_ON_GUI_INIT
2026-06-06 17:34:44.216 T:2884    debug <general>: OpenBundle - Opened bundle /data/user/0/org.xbmc.kodi/cache/apk/assets/addons/skin.estuary/media/Textures.xbt
2026-06-06 17:34:44.219 T:2884     info <general>: Loading skin file: DialogExtendedProgressBar.xml, load type: LOAD_ON_GUI_INIT
2026-06-06 17:34:44.232 T:2884     info <general>: Loading skin file: Pointer.xml, load type: LOAD_ON_GUI_INIT
2026-06-06 17:34:44.244 T:2884     info <general>: Loading skin file: DialogSeekBar.xml, load type: LOAD_ON_GUI_INIT
2026-06-06 17:34:44.309 T:2884     info <general>: Loading skin file: Custom_1109_TopBarOverlay.xml, load type: LOAD_ON_GUI_INIT
2026-06-06 17:34:44.338 T:2884     info <general>: Loading resource://resource.uisounds.kodi/sounds.xml
2026-06-06 17:34:45.235 T:2884     info <general>:   skin loaded...
2026-06-06 17:34:45.235 T:2884    debug <general>: Activating window ID: 12997
2026-06-06 17:34:45.249 T:2884    debug <general>: ------ Window Init () ------
2026-06-06 17:34:45.250 T:2884    debug <general>: Activating window ID: 12999
2026-06-06 17:34:45.254 T:2884    debug <general>: ------ Window Init (Startup.xml) ------
2026-06-06 17:34:45.254 T:2884     info <general>: Loading skin file: Startup.xml, load type: LOAD_EVERY_TIME
2026-06-06 17:34:45.278 T:2884    debug <general>: Activating window ID: 10000
2026-06-06 17:34:45.279 T:2884    debug <general>: ------ Window Deinit (Startup.xml) ------
2026-06-06 17:34:45.282 T:2884    debug <general>: ------ Window Init (Home.xml) ------
2026-06-06 17:34:45.282 T:2884     info <general>: Loading skin file: Home.xml, load type: KEEP_IN_MEMORY
2026-06-06 17:34:46.349 T:2884    debug <general>: CDirectoryProvider[addons://]: refreshing..
2026-06-06 17:34:46.378 T:2884    debug <general>: CDirectoryProvider[addons://sources/video/]: refreshing..
2026-06-06 17:34:46.379 T:2884    debug <general>: CDirectoryProvider[addons://sources/audio/]: refreshing..
2026-06-06 17:34:46.379 T:2884    debug <general>: CDirectoryProvider[addons://sources/game/]: refreshing..
2026-06-06 17:34:46.379 T:2884    debug <general>: CDirectoryProvider[addons://sources/executable/]: refreshing..
2026-06-06 17:34:46.380 T:2884    debug <general>: CDirectoryProvider[androidapp://sources/apps/]: refreshing..
2026-06-06 17:34:46.380 T:2884    debug <general>: CDirectoryProvider[addons://sources/image/]: refreshing..
2026-06-06 17:34:46.380 T:2884    debug <general>: CDirectoryProvider[library://video/]: refreshing..
2026-06-06 17:34:46.380 T:2884    debug <general>: CDirectoryProvider[sources://video/]: refreshing..
2026-06-06 17:34:46.380 T:2884    debug <general>: CDirectoryProvider[special://videoplaylists/]: refreshing..
2026-06-06 17:34:46.381 T:2884    debug <general>: CDirectoryProvider[favourites://]: refreshing..
2026-06-06 17:34:46.381 T:2884    debug <general>: CDirectoryProvider[sources://pictures/]: refreshing..
2026-06-06 17:34:46.381 T:2884    debug <general>: CDirectoryProvider[addons://sources/game/]: refreshing..
2026-06-06 17:34:46.491 T:3332    debug <general>: CAddonDatabase: SELECT repo.id FROM repo .. took 49 ms
2026-06-06 17:34:46.515 T:3419    debug <general>: Thread JobWorker start, auto delete: true
2026-06-06 17:34:46.515 T:3419    debug <general>: [threads] name: 'JobWorker' priority: '-9'
2026-06-06 17:34:46.589 T:3419    debug <general>: CAndroidAppDirectory::GetDirectory: apps
2026-06-06 17:34:46.678 T:3332    debug <general>: CAddonDatabase: query  SELECT addons.*, repo.addonID AS repoID FROM addons JOIN addonlinkrepo ON addons.id=addonlinkrepo.idAddon JOIN repo ON repo.id=addonlinkrepo.idRepo WHERE addonlinkrepo.idRepo IN (1,2,3) ORDER BY repo.addonID, addons.addonID returned 1072 rows in 184 ms
2026-06-06 17:34:46.874 T:2884    debug <general>: JSONRPC: JSON schema type definition references an unknown type Setting.Details.Setting
2026-06-06 17:34:46.874 T:2884  warning <general>: JSONRPC: Could not parse type "Setting.Details.SettingList"
2026-06-06 17:34:46.874 T:2884     info <general>: JSONRPC: Adding type "Setting.Details.SettingList" to list of incomplete definitions (waiting for "Setting.Details.Setting")
2026-06-06 17:34:46.874 T:2884     info <general>: JSONRPC: Resolving incomplete types/methods referencing Setting.Details.Setting
2026-06-06 17:34:46.955 T:2884     info <general>: JSONRPC v13.5.0: Successfully initialized
2026-06-06 17:34:46.971 T:2884    debug <general>: LoadMappings: loaded node "Motorola Nyxboard Hybrid"
2026-06-06 17:34:46.977 T:2884    debug <general>: LoadMappings: loaded node "CEC Adapter"
2026-06-06 17:34:46.978 T:2884    debug <general>: LoadMappings: loaded node "Pulse-Eight CEC Adapter"
2026-06-06 17:34:46.978 T:2884    debug <general>: LoadMappings: loaded node "iMON HID device"
2026-06-06 17:34:46.978 T:2884    debug <general>: LoadMappings: loaded node "WETEK Play remote"
2026-06-06 17:34:46.979 T:2884    debug <general>: LoadMappings: loaded node "OSMC RF Remote"
2026-06-06 17:34:46.980 T:2884     info <general>: Skipped 1 duplicate messages..
2026-06-06 17:34:46.980 T:2884    debug <general>: LoadMappings: loaded node "joystick"
2026-06-06 17:34:46.982 T:2884    debug <general>: Add-on bus: Registering add-on peripheral.joystick
2026-06-06 17:34:46.987 T:2884    debug <general>: PERIPHERAL - CreateAddon - creating peripheral add-on instance 'Joystick Support'
2026-06-06 17:34:46.987 T:2884    debug <general>: ADDON: Dll Initializing - Joystick Support
2026-06-06 17:34:46.999 T:2884    debug <general>: SECTION:LoadDLL(/data/user/0/org.xbmc.kodi/cache/lib/libperipheral.joystick.so)
2026-06-06 17:34:47.001 T:2884    debug <general>: Loading: /data/user/0/org.xbmc.kodi/cache/lib/libperipheral.joystick.so
2026-06-06 17:34:47.068 T:2884    debug <general>: AddOnLog: peripheral.joystick: No joystick APIs in use
2026-06-06 17:34:47.125 T:2884    debug <general>: AddOnLog: peripheral.joystick: Loaded 14 joystick families with 102 total joysticks
2026-06-06 17:34:47.128 T:2884    debug <general>: Calling TransferSettings for: Joystick Support
2026-06-06 17:34:47.155 T:2884     info <general>: CPeripheralBusAndroid: scanning for input devices...
2026-06-06 17:34:47.164 T:2884    debug <general>: CPeripheralBusAndroid: Device discovered:
2026-06-06 17:34:47.164 T:2884    debug <general>:   Name: "Virtual"
2026-06-06 17:34:47.165 T:2884    debug <general>:     ID: -1
2026-06-06 17:34:47.165 T:2884    debug <general>:     Controller number: 0
2026-06-06 17:34:47.165 T:2884    debug <general>:     Descriptor: "a718a782d34bc7..."
2026-06-06 17:34:47.165 T:2884    debug <general>:     Product ID: 0000
2026-06-06 17:34:47.165 T:2884    debug <general>:     Vendor ID: 0000
2026-06-06 17:34:47.165 T:2884    debug <general>:     Has microphone: false
2026-06-06 17:34:47.165 T:2884    debug <general>:     Is virtual: true
2026-06-06 17:34:47.165 T:2884    debug <general>:     Source flags: 0x000301
2026-06-06 17:34:47.165 T:2884    debug <general>:     Has source: SOURCE_DPAD (0x000201)
2026-06-06 17:34:47.165 T:2884    debug <general>:     Has source: SOURCE_KEYBOARD (0x000101)
2026-06-06 17:34:47.172 T:2884    debug <general>:     Has key: AKEYCODE_HOME (3)
2026-06-06 17:34:47.172 T:2884    debug <general>:     Has key: AKEYCODE_BACK (4)
2026-06-06 17:34:47.173 T:2884    debug <general>:     Has key: AKEYCODE_CALL (5)
2026-06-06 17:34:47.173 T:2884    debug <general>:     Has key: AKEYCODE_0 (7)
2026-06-06 17:34:47.173 T:2884    debug <general>:     Has key: AKEYCODE_1 (8)
2026-06-06 17:34:47.173 T:2884    debug <general>:     Has key: AKEYCODE_2 (9)
2026-06-06 17:34:47.173 T:2884    debug <general>:     Has key: AKEYCODE_3 (10)
2026-06-06 17:34:47.173 T:2884    debug <general>:     Has key: AKEYCODE_4 (11)
2026-06-06 17:34:47.173 T:2884    debug <general>:     Has key: AKEYCODE_5 (12)
2026-06-06 17:34:47.173 T:2884    debug <general>:     Has key: AKEYCODE_6 (13)
2026-06-06 17:34:47.173 T:2884    debug <general>:     Has key: AKEYCODE_7 (14)
2026-06-06 17:34:47.173 T:2884    debug <general>:     Has key: AKEYCODE_8 (15)
2026-06-06 17:34:47.173 T:2884    debug <general>:     Has key: AKEYCODE_9 (16)
2026-06-06 17:34:47.173 T:2884    debug <general>:     Has key: AKEYCODE_DPAD_UP (19)
2026-06-06 17:34:47.173 T:2884    debug <general>:     Has key: AKEYCODE_DPAD_DOWN (20)
2026-06-06 17:34:47.173 T:2884    debug <general>:     Has key: AKEYCODE_DPAD_LEFT (21)
2026-06-06 17:34:47.173 T:2884    debug <general>:     Has key: AKEYCODE_DPAD_RIGHT (22)
2026-06-06 17:34:47.173 T:2884    debug <general>:     Has key: AKEYCODE_DPAD_CENTER (23)
2026-06-06 17:34:47.173 T:2884    debug <general>:     Has key: AKEYCODE_VOLUME_UP (24)
2026-06-06 17:34:47.173 T:2884    debug <general>:     Has key: AKEYCODE_VOLUME_DOWN (25)
2026-06-06 17:34:47.173 T:2884    debug <general>:     Has key: AKEYCODE_POWER (26)
2026-06-06 17:34:47.173 T:2884    debug <general>:     Has key: AKEYCODE_CAMERA (27)
2026-06-06 17:34:47.173 T:2884    debug <general>:     Has key: AKEYCODE_A (29)
2026-06-06 17:34:47.173 T:2884    debug <general>:     Has key: AKEYCODE_B (30)
2026-06-06 17:34:47.173 T:2884    debug <general>:     Has key: AKEYCODE_C (31)
2026-06-06 17:34:47.173 T:2884    debug <general>:     Has key: AKEYCODE_D (32)
2026-06-06 17:34:47.173 T:2884    debug <general>:     Has key: AKEYCODE_E (33)
2026-06-06 17:34:47.173 T:2884    debug <general>:     Has key: AKEYCODE_F (34)
2026-06-06 17:34:47.173 T:2884    debug <general>:     Has key: AKEYCODE_G (35)
2026-06-06 17:34:47.173 T:2884    debug <general>:     Has key: AKEYCODE_H (36)
2026-06-06 17:34:47.173 T:2884    debug <general>:     Has key: AKEYCODE_I (37)
2026-06-06 17:34:47.173 T:2884    debug <general>:     Has key: AKEYCODE_J (38)
2026-06-06 17:34:47.173 T:2884    debug <general>:     Has key: AKEYCODE_K (39)
2026-06-06 17:34:47.173 T:2884    debug <general>:     Has key: AKEYCODE_L (40)
2026-06-06 17:34:47.173 T:2884    debug <general>:     Has key: AKEYCODE_M (41)
2026-06-06 17:34:47.173 T:2884    debug <general>:     Has key: AKEYCODE_N (42)
2026-06-06 17:34:47.173 T:2884    debug <general>:     Has key: AKEYCODE_O (43)
2026-06-06 17:34:47.173 T:2884    debug <general>:     Has key: AKEYCODE_P (44)
2026-06-06 17:34:47.173 T:2884    debug <general>:     Has key: AKEYCODE_Q (45)
2026-06-06 17:34:47.173 T:2884    debug <general>:     Has key: AKEYCODE_R (46)
2026-06-06 17:34:47.173 T:2884    debug <general>:     Has key: AKEYCODE_S (47)
2026-06-06 17:34:47.173 T:2884    debug <general>:     Has key: AKEYCODE_T (48)
2026-06-06 17:34:47.173 T:2884    debug <general>:     Has key: AKEYCODE_U (49)
2026-06-06 17:34:47.173 T:2884    debug <general>:     Has key: AKEYCODE_V (50)
2026-06-06 17:34:47.173 T:2884    debug <general>:     Has key: AKEYCODE_W (51)
2026-06-06 17:34:47.173 T:2884    debug <general>:     Has key: AKEYCODE_X (52)
2026-06-06 17:34:47.173 T:2884    debug <general>:     Has key: AKEYCODE_Y (53)
2026-06-06 17:34:47.173 T:2884    debug <general>:     Has key: AKEYCODE_Z (54)
2026-06-06 17:34:47.173 T:2884    debug <general>:     Has key: AKEYCODE_COMMA (55)
2026-06-06 17:34:47.173 T:2884    debug <general>:     Has key: AKEYCODE_PERIOD (56)
2026-06-06 17:34:47.173 T:2884    debug <general>:     Has key: AKEYCODE_ALT_LEFT (57)
2026-06-06 17:34:47.173 T:2884    debug <general>:     Has key: AKEYCODE_ALT_RIGHT (58)
2026-06-06 17:34:47.173 T:2884    debug <general>:     Has key: AKEYCODE_SHIFT_LEFT (59)
2026-06-06 17:34:47.173 T:2884    debug <general>:     Has key: AKEYCODE_SHIFT_RIGHT (60)
2026-06-06 17:34:47.173 T:2884    debug <general>:     Has key: AKEYCODE_TAB (61)
2026-06-06 17:34:47.173 T:2884    debug <general>:     Has key: AKEYCODE_SPACE (62)
2026-06-06 17:34:47.173 T:2884    debug <general>:     Has key: AKEYCODE_EXPLORER (64)
2026-06-06 17:34:47.173 T:2884    debug <general>:     Has key: AKEYCODE_ENVELOPE (65)
2026-06-06 17:34:47.173 T:2884    debug <general>:     Has key: AKEYCODE_ENTER (66)
2026-06-06 17:34:47.173 T:2884    debug <general>:     Has key: AKEYCODE_DEL (67)
2026-06-06 17:34:47.173 T:2884    debug <general>:     Has key: AKEYCODE_GRAVE (68)
2026-06-06 17:34:47.173 T:2884    debug <general>:     Has key: AKEYCODE_MINUS (69)
2026-06-06 17:34:47.173 T:2884    debug <general>:     Has key: AKEYCODE_EQUALS (70)
2026-06-06 17:34:47.173 T:2884    debug <general>:     Has key: AKEYCODE_LEFT_BRACKET (71)
2026-06-06 17:34:47.173 T:2884    debug <general>:     Has key: AKEYCODE_RIGHT_BRACKET (72)
2026-06-06 17:34:47.173 T:2884    debug <general>:     Has key: AKEYCODE_BACKSLASH (73)
2026-06-06 17:34:47.173 T:2884    debug <general>:     Has key: AKEYCODE_SEMICOLON (74)
2026-06-06 17:34:47.173 T:2884    debug <general>:     Has key: AKEYCODE_APOSTROPHE (75)
2026-06-06 17:34:47.173 T:2884    debug <general>:     Has key: AKEYCODE_SLASH (76)
2026-06-06 17:34:47.173 T:2884    debug <general>:     Has key: AKEYCODE_HEADSETHOOK (79)
2026-06-06 17:34:47.173 T:2884    debug <general>:     Has key: AKEYCODE_MENU (82)
2026-06-06 17:34:47.174 T:2884    debug <general>:     Has key: AKEYCODE_NOTIFICATION (83)
2026-06-06 17:34:47.174 T:2884    debug <general>:     Has key: AKEYCODE_SEARCH (84)
2026-06-06 17:34:47.174 T:2884    debug <general>:     Has key: AKEYCODE_MEDIA_PLAY_PAUSE (85)
2026-06-06 17:34:47.174 T:2884    debug <general>:     Has key: AKEYCODE_MEDIA_STOP (86)
2026-06-06 17:34:47.174 T:2884    debug <general>:     Has key: AKEYCODE_MEDIA_NEXT (87)
2026-06-06 17:34:47.174 T:2884    debug <general>:     Has key: AKEYCODE_MEDIA_PREVIOUS (88)
2026-06-06 17:34:47.174 T:2884    debug <general>:     Has key: AKEYCODE_MEDIA_REWIND (89)
2026-06-06 17:34:47.174 T:2884    debug <general>:     Has key: AKEYCODE_MEDIA_FAST_FORWARD (90)
2026-06-06 17:34:47.174 T:2884    debug <general>:     Has key: AKEYCODE_PAGE_UP (92)
2026-06-06 17:34:47.174 T:2884    debug <general>:     Has key: AKEYCODE_PAGE_DOWN (93)
2026-06-06 17:34:47.174 T:2884    debug <general>:     Has key: AKEYCODE_BUTTON_A (96)
2026-06-06 17:34:47.174 T:2884    debug <general>:     Has key: AKEYCODE_BUTTON_B (97)
2026-06-06 17:34:47.174 T:2884    debug <general>:     Has key: AKEYCODE_BUTTON_C (98)
2026-06-06 17:34:47.174 T:2884    debug <general>:     Has key: AKEYCODE_BUTTON_X (99)
2026-06-06 17:34:47.174 T:2884    debug <general>:     Has key: AKEYCODE_BUTTON_Y (100)
2026-06-06 17:34:47.174 T:2884    debug <general>:     Has key: AKEYCODE_BUTTON_Z (101)
2026-06-06 17:34:47.174 T:2884    debug <general>:     Has key: AKEYCODE_BUTTON_L1 (102)
2026-06-06 17:34:47.174 T:2884    debug <general>:     Has key: AKEYCODE_BUTTON_R1 (103)
2026-06-06 17:34:47.174 T:2884    debug <general>:     Has key: AKEYCODE_BUTTON_L2 (104)
2026-06-06 17:34:47.174 T:2884    debug <general>:     Has key: AKEYCODE_BUTTON_R2 (105)
2026-06-06 17:34:47.174 T:2884    debug <general>:     Has key: AKEYCODE_BUTTON_THUMBL (106)
2026-06-06 17:34:47.174 T:2884    debug <general>:     Has key: AKEYCODE_BUTTON_THUMBR (107)
2026-06-06 17:34:47.174 T:2884    debug <general>:     Has key: AKEYCODE_BUTTON_START (108)
2026-06-06 17:34:47.174 T:2884    debug <general>:     Has key: AKEYCODE_BUTTON_SELECT (109)
2026-06-06 17:34:47.174 T:2884    debug <general>:     Has key: AKEYCODE_BUTTON_MODE (110)
2026-06-06 17:34:47.174 T:2884    debug <general>:     Has key: AKEYCODE_ESCAPE (111)
2026-06-06 17:34:47.174 T:2884    debug <general>:     Has key: AKEYCODE_FORWARD_DEL (112)
2026-06-06 17:34:47.174 T:2884    debug <general>:     Has key: AKEYCODE_CTRL_LEFT (113)
2026-06-06 17:34:47.174 T:2884    debug <general>:     Has key: AKEYCODE_CTRL_RIGHT (114)
2026-06-06 17:34:47.174 T:2884    debug <general>:     Has key: AKEYCODE_CAPS_LOCK (115)
2026-06-06 17:34:47.174 T:2884    debug <general>:     Has key: AKEYCODE_SCROLL_LOCK (116)
2026-06-06 17:34:47.174 T:2884    debug <general>:     Has key: AKEYCODE_META_LEFT (117)
2026-06-06 17:34:47.174 T:2884    debug <general>:     Has key: AKEYCODE_META_RIGHT (118)
2026-06-06 17:34:47.174 T:2884    debug <general>:     Has key: AKEYCODE_SYSRQ (120)
2026-06-06 17:34:47.174 T:2884    debug <general>:     Has key: AKEYCODE_BREAK (121)
2026-06-06 17:34:47.174 T:2884    debug <general>:     Has key: AKEYCODE_MOVE_HOME (122)
2026-06-06 17:34:47.174 T:2884    debug <general>:     Has key: AKEYCODE_MOVE_END (123)
2026-06-06 17:34:47.174 T:2884    debug <general>:     Has key: AKEYCODE_INSERT (124)
2026-06-06 17:34:47.174 T:2884    debug <general>:     Has key: AKEYCODE_FORWARD (125)
2026-06-06 17:34:47.174 T:2884    debug <general>:     Has key: AKEYCODE_MEDIA_PLAY (126)
2026-06-06 17:34:47.174 T:2884    debug <general>:     Has key: AKEYCODE_MEDIA_PAUSE (127)
2026-06-06 17:34:47.174 T:2884    debug <general>:     Has key: AKEYCODE_MEDIA_CLOSE (128)
2026-06-06 17:34:47.174 T:2884    debug <general>:     Has key: AKEYCODE_MEDIA_EJECT (129)
2026-06-06 17:34:47.175 T:2884    debug <general>:     Has key: AKEYCODE_MEDIA_RECORD (130)
2026-06-06 17:34:47.175 T:2884    debug <general>:     Has key: AKEYCODE_F1 (131)
2026-06-06 17:34:47.175 T:2884    debug <general>:     Has key: AKEYCODE_F2 (132)
2026-06-06 17:34:47.175 T:2884    debug <general>:     Has key: AKEYCODE_F3 (133)
2026-06-06 17:34:47.175 T:2884    debug <general>:     Has key: AKEYCODE_F4 (134)
2026-06-06 17:34:47.175 T:2884    debug <general>:     Has key: AKEYCODE_F5 (135)
2026-06-06 17:34:47.175 T:2884    debug <general>:     Has key: AKEYCODE_F6 (136)
2026-06-06 17:34:47.175 T:2884    debug <general>:     Has key: AKEYCODE_F7 (137)
2026-06-06 17:34:47.175 T:2884    debug <general>:     Has key: AKEYCODE_F8 (138)
2026-06-06 17:34:47.175 T:2884    debug <general>:     Has key: AKEYCODE_F9 (139)
2026-06-06 17:34:47.175 T:2884    debug <general>:     Has key: AKEYCODE_F10 (140)
2026-06-06 17:34:47.175 T:2884    debug <general>:     Has key: AKEYCODE_F11 (141)
2026-06-06 17:34:47.175 T:2884    debug <general>:     Has key: AKEYCODE_F12 (142)
2026-06-06 17:34:47.175 T:2884    debug <general>:     Has key: AKEYCODE_NUM_LOCK (143)
2026-06-06 17:34:47.175 T:2884    debug <general>:     Has key: AKEYCODE_NUMPAD_0 (144)
2026-06-06 17:34:47.175 T:2884    debug <general>:     Has key: AKEYCODE_NUMPAD_1 (145)
2026-06-06 17:34:47.175 T:2884    debug <general>:     Has key: AKEYCODE_NUMPAD_2 (146)
2026-06-06 17:34:47.175 T:2884    debug <general>:     Has key: AKEYCODE_NUMPAD_3 (147)
2026-06-06 17:34:47.175 T:2884    debug <general>:     Has key: AKEYCODE_NUMPAD_4 (148)
2026-06-06 17:34:47.175 T:2884    debug <general>:     Has key: AKEYCODE_NUMPAD_5 (149)
2026-06-06 17:34:47.175 T:2884    debug <general>:     Has key: AKEYCODE_NUMPAD_6 (150)
2026-06-06 17:34:47.175 T:2884    debug <general>:     Has key: AKEYCODE_NUMPAD_7 (151)
2026-06-06 17:34:47.175 T:2884    debug <general>:     Has key: AKEYCODE_NUMPAD_8 (152)
2026-06-06 17:34:47.175 T:2884    debug <general>:     Has key: AKEYCODE_NUMPAD_9 (153)
2026-06-06 17:34:47.175 T:2884    debug <general>:     Has key: AKEYCODE_NUMPAD_DIVIDE (154)
2026-06-06 17:34:47.175 T:2884    debug <general>:     Has key: AKEYCODE_NUMPAD_MULTIPLY (155)
2026-06-06 17:34:47.175 T:2884    debug <general>:     Has key: AKEYCODE_NUMPAD_SUBTRACT (156)
2026-06-06 17:34:47.175 T:2884    debug <general>:     Has key: AKEYCODE_NUMPAD_ADD (157)
2026-06-06 17:34:47.175 T:2884    debug <general>:     Has key: AKEYCODE_NUMPAD_DOT (158)
2026-06-06 17:34:47.175 T:2884    debug <general>:     Has key: AKEYCODE_NUMPAD_COMMA (159)
2026-06-06 17:34:47.175 T:2884    debug <general>:     Has key: AKEYCODE_NUMPAD_ENTER (160)
2026-06-06 17:34:47.175 T:2884    debug <general>:     Has key: AKEYCODE_NUMPAD_EQUALS (161)
2026-06-06 17:34:47.175 T:2884    debug <general>:     Has key: AKEYCODE_NUMPAD_LEFT_PAREN (162)
2026-06-06 17:34:47.175 T:2884    debug <general>:     Has key: AKEYCODE_NUMPAD_RIGHT_PAREN (163)
2026-06-06 17:34:47.175 T:2884    debug <general>:     Has key: AKEYCODE_VOLUME_MUTE (164)
2026-06-06 17:34:47.175 T:2884    debug <general>:     Has key: AKEYCODE_BOOKMARK (174)
2026-06-06 17:34:47.175 T:2884    debug <general>:     Has key: AKEYCODE_APP_SWITCH (187)
2026-06-06 17:34:47.175 T:2884    debug <general>:     Has key: AKEYCODE_BUTTON_1 (188)
2026-06-06 17:34:47.175 T:2884    debug <general>:     Has key: AKEYCODE_BUTTON_2 (189)
2026-06-06 17:34:47.175 T:2884    debug <general>:     Has key: AKEYCODE_BUTTON_3 (190)
2026-06-06 17:34:47.175 T:2884    debug <general>:     Has key: AKEYCODE_BUTTON_4 (191)
2026-06-06 17:34:47.175 T:2884    debug <general>:     Has key: AKEYCODE_BUTTON_5 (192)
2026-06-06 17:34:47.175 T:2884    debug <general>:     Has key: AKEYCODE_BUTTON_6 (193)
2026-06-06 17:34:47.175 T:2884    debug <general>:     Has key: AKEYCODE_BUTTON_7 (194)
2026-06-06 17:34:47.175 T:2884    debug <general>:     Has key: AKEYCODE_BUTTON_8 (195)
2026-06-06 17:34:47.175 T:2884    debug <general>:     Has key: AKEYCODE_BUTTON_9 (196)
2026-06-06 17:34:47.175 T:2884    debug <general>:     Has key: AKEYCODE_BUTTON_10 (197)
2026-06-06 17:34:47.175 T:2884    debug <general>:     Has key: AKEYCODE_MUSIC (209)
2026-06-06 17:34:47.175 T:2884    debug <general>:     Has key: AKEYCODE_CALCULATOR (210)
2026-06-06 17:34:47.175 T:2884    debug <general>:     Has key: AKEYCODE_ZENKAKU_HANKAKU (211)
2026-06-06 17:34:47.175 T:2884    debug <general>:     Has key: AKEYCODE_EISU (212)
2026-06-06 17:34:47.175 T:2884    debug <general>:     Has key: AKEYCODE_MUHENKAN (213)
2026-06-06 17:34:47.175 T:2884    debug <general>:     Has key: AKEYCODE_HENKAN (214)
2026-06-06 17:34:47.175 T:2884    debug <general>:     Has key: AKEYCODE_KATAKANA_HIRAGANA (215)
2026-06-06 17:34:47.175 T:2884    debug <general>:     Has key: AKEYCODE_YEN (216)
2026-06-06 17:34:47.175 T:2884    debug <general>:     Has key: AKEYCODE_RO (217)
2026-06-06 17:34:47.175 T:2884    debug <general>:     Has key: AKEYCODE_KANA (218)
2026-06-06 17:34:47.175 T:2884    debug <general>:     Has key: AKEYCODE_BRIGHTNESS_DOWN (220)
2026-06-06 17:34:47.175 T:2884    debug <general>:     Has key: AKEYCODE_BRIGHTNESS_UP (221)
2026-06-06 17:34:47.175 T:2884    debug <general>:     Has key: AKEYCODE_SLEEP (223)
2026-06-06 17:34:47.175 T:2884    debug <general>:     Has key: AKEYCODE_WAKEUP (224)
2026-06-06 17:34:47.175 T:2884    debug <general>:     Has key: AKEYCODE_CUT (277)
2026-06-06 17:34:47.175 T:2884    debug <general>:     Has key: AKEYCODE_COPY (278)
2026-06-06 17:34:47.175 T:2884    debug <general>:     Has key: AKEYCODE_PASTE (279)
2026-06-06 17:34:47.175 T:2884    debug <general>:     Has key: AKEYCODE_REFRESH (285)
2026-06-06 17:34:47.176 T:2884    debug <general>: CPeripheralBusAndroid: ignoring virtual input device
2026-06-06 17:34:47.176 T:2884    debug <general>: CPeripheralBusAndroid: Device discovered:
2026-06-06 17:34:47.177 T:2884    debug <general>:   Name: "Xiaomi mouse integration"
2026-06-06 17:34:47.177 T:2884    debug <general>:     ID: 2
2026-06-06 17:34:47.177 T:2884    debug <general>:     Controller number: 0
2026-06-06 17:34:47.177 T:2884    debug <general>:     Descriptor: "0417af3390d135..."
2026-06-06 17:34:47.177 T:2884    debug <general>:     Product ID: CAFE
2026-06-06 17:34:47.177 T:2884    debug <general>:     Vendor ID: 80EE
2026-06-06 17:34:47.177 T:2884    debug <general>:     Has microphone: false
2026-06-06 17:34:47.177 T:2884    debug <general>:     Is virtual: false
2026-06-06 17:34:47.177 T:2884    debug <general>:     Source flags: 0x000101
2026-06-06 17:34:47.177 T:2884    debug <general>:     Has source: SOURCE_KEYBOARD (0x000101)
2026-06-06 17:34:47.178 T:2884    debug <general>:     Has key: AKEYCODE_VOLUME_UP (24)
2026-06-06 17:34:47.179 T:2884    debug <general>:     Has key: AKEYCODE_VOLUME_DOWN (25)
2026-06-06 17:34:47.179 T:2884    debug <general>: CPeripheralBusAndroid: ignoring non-joystick device
2026-06-06 17:34:47.184 T:2884    debug <general>: CPeripheralBusAndroid: Device discovered:
2026-06-06 17:34:47.185 T:2884    debug <general>:   Name: "Xiaomi Input"
2026-06-06 17:34:47.185 T:2884    debug <general>:     ID: 3
2026-06-06 17:34:47.185 T:2884    debug <general>:     Controller number: 0
2026-06-06 17:34:47.185 T:2884    debug <general>:     Descriptor: "e2af2aee625c3b..."
2026-06-06 17:34:47.185 T:2884    debug <general>:     Product ID: 0001
2026-06-06 17:34:47.185 T:2884    debug <general>:     Vendor ID: 1234
2026-06-06 17:34:47.186 T:2884    debug <general>:     Has microphone: false
2026-06-06 17:34:47.186 T:2884    debug <general>:     Is virtual: false
2026-06-06 17:34:47.186 T:2884    debug <general>:     Source flags: 0x001003
2026-06-06 17:34:47.187 T:2884    debug <general>:     Has source: SOURCE_TOUCHSCREEN (0x001002)
2026-06-06 17:34:47.188 T:2884    debug <general>:     Has key: AKEYCODE_HOME (3)
2026-06-06 17:34:47.188 T:2884    debug <general>:     Has key: AKEYCODE_BACK (4)
2026-06-06 17:34:47.188 T:2884    debug <general>:     Has key: AKEYCODE_CALL (5)
2026-06-06 17:34:47.188 T:2884    debug <general>:     Has key: AKEYCODE_0 (7)
2026-06-06 17:34:47.188 T:2884    debug <general>:     Has key: AKEYCODE_1 (8)
2026-06-06 17:34:47.188 T:2884    debug <general>:     Has key: AKEYCODE_2 (9)
2026-06-06 17:34:47.188 T:2884    debug <general>:     Has key: AKEYCODE_3 (10)
2026-06-06 17:34:47.188 T:2884    debug <general>:     Has key: AKEYCODE_4 (11)
2026-06-06 17:34:47.188 T:2884    debug <general>:     Has key: AKEYCODE_5 (12)
2026-06-06 17:34:47.188 T:2884    debug <general>:     Has key: AKEYCODE_6 (13)
2026-06-06 17:34:47.188 T:2884    debug <general>:     Has key: AKEYCODE_7 (14)
2026-06-06 17:34:47.188 T:2884    debug <general>:     Has key: AKEYCODE_8 (15)
2026-06-06 17:34:47.188 T:2884    debug <general>:     Has key: AKEYCODE_9 (16)
2026-06-06 17:34:47.188 T:2884    debug <general>:     Has key: AKEYCODE_DPAD_UP (19)
2026-06-06 17:34:47.188 T:2884    debug <general>:     Has key: AKEYCODE_DPAD_DOWN (20)
2026-06-06 17:34:47.189 T:2884    debug <general>:     Has key: AKEYCODE_DPAD_LEFT (21)
2026-06-06 17:34:47.189 T:2884    debug <general>:     Has key: AKEYCODE_DPAD_RIGHT (22)
2026-06-06 17:34:47.189 T:2884    debug <general>:     Has key: AKEYCODE_VOLUME_UP (24)
2026-06-06 17:34:47.189 T:2884    debug <general>:     Has key: AKEYCODE_VOLUME_DOWN (25)
2026-06-06 17:34:47.189 T:2884    debug <general>:     Has key: AKEYCODE_POWER (26)
2026-06-06 17:34:47.189 T:2884    debug <general>:     Has key: AKEYCODE_CAMERA (27)
2026-06-06 17:34:47.189 T:2884    debug <general>:     Has key: AKEYCODE_A (29)
2026-06-06 17:34:47.189 T:2884    debug <general>:     Has key: AKEYCODE_B (30)
2026-06-06 17:34:47.189 T:2884    debug <general>:     Has key: AKEYCODE_C (31)
2026-06-06 17:34:47.189 T:2884    debug <general>:     Has key: AKEYCODE_D (32)
2026-06-06 17:34:47.189 T:2884    debug <general>:     Has key: AKEYCODE_E (33)
2026-06-06 17:34:47.189 T:2884    debug <general>:     Has key: AKEYCODE_F (34)
2026-06-06 17:34:47.189 T:2884    debug <general>:     Has key: AKEYCODE_G (35)
2026-06-06 17:34:47.189 T:2884    debug <general>:     Has key: AKEYCODE_H (36)
2026-06-06 17:34:47.189 T:2884    debug <general>:     Has key: AKEYCODE_I (37)
2026-06-06 17:34:47.189 T:2884    debug <general>:     Has key: AKEYCODE_J (38)
2026-06-06 17:34:47.189 T:2884    debug <general>:     Has key: AKEYCODE_K (39)
2026-06-06 17:34:47.189 T:2884    debug <general>:     Has key: AKEYCODE_L (40)
2026-06-06 17:34:47.189 T:2884    debug <general>:     Has key: AKEYCODE_M (41)
2026-06-06 17:34:47.189 T:2884    debug <general>:     Has key: AKEYCODE_N (42)
2026-06-06 17:34:47.189 T:2884    debug <general>:     Has key: AKEYCODE_O (43)
2026-06-06 17:34:47.189 T:2884    debug <general>:     Has key: AKEYCODE_P (44)
2026-06-06 17:34:47.189 T:2884    debug <general>:     Has key: AKEYCODE_Q (45)
2026-06-06 17:34:47.189 T:2884    debug <general>:     Has key: AKEYCODE_R (46)
2026-06-06 17:34:47.189 T:2884    debug <general>:     Has key: AKEYCODE_S (47)
2026-06-06 17:34:47.189 T:2884    debug <general>:     Has key: AKEYCODE_T (48)
2026-06-06 17:34:47.189 T:2884    debug <general>:     Has key: AKEYCODE_U (49)
2026-06-06 17:34:47.189 T:2884    debug <general>:     Has key: AKEYCODE_V (50)
2026-06-06 17:34:47.189 T:2884    debug <general>:     Has key: AKEYCODE_W (51)
2026-06-06 17:34:47.189 T:2884    debug <general>:     Has key: AKEYCODE_X (52)
2026-06-06 17:34:47.189 T:2884    debug <general>:     Has key: AKEYCODE_Y (53)
2026-06-06 17:34:47.189 T:2884    debug <general>:     Has key: AKEYCODE_Z (54)
2026-06-06 17:34:47.189 T:2884    debug <general>:     Has key: AKEYCODE_COMMA (55)
2026-06-06 17:34:47.189 T:2884    debug <general>:     Has key: AKEYCODE_PERIOD (56)
2026-06-06 17:34:47.189 T:2884    debug <general>:     Has key: AKEYCODE_ALT_LEFT (57)
2026-06-06 17:34:47.189 T:2884    debug <general>:     Has key: AKEYCODE_ALT_RIGHT (58)
2026-06-06 17:34:47.189 T:2884    debug <general>:     Has key: AKEYCODE_SHIFT_LEFT (59)
2026-06-06 17:34:47.189 T:2884    debug <general>:     Has key: AKEYCODE_SHIFT_RIGHT (60)
2026-06-06 17:34:47.189 T:2884    debug <general>:     Has key: AKEYCODE_TAB (61)
2026-06-06 17:34:47.189 T:2884    debug <general>:     Has key: AKEYCODE_SPACE (62)
2026-06-06 17:34:47.189 T:2884    debug <general>:     Has key: AKEYCODE_EXPLORER (64)
2026-06-06 17:34:47.189 T:2884    debug <general>:     Has key: AKEYCODE_ENVELOPE (65)
2026-06-06 17:34:47.189 T:2884    debug <general>:     Has key: AKEYCODE_ENTER (66)
2026-06-06 17:34:47.189 T:2884    debug <general>:     Has key: AKEYCODE_DEL (67)
2026-06-06 17:34:47.189 T:2884    debug <general>:     Has key: AKEYCODE_GRAVE (68)
2026-06-06 17:34:47.190 T:2884    debug <general>:     Has key: AKEYCODE_MINUS (69)
2026-06-06 17:34:47.190 T:2884    debug <general>:     Has key: AKEYCODE_EQUALS (70)
2026-06-06 17:34:47.190 T:2884    debug <general>:     Has key: AKEYCODE_LEFT_BRACKET (71)
2026-06-06 17:34:47.190 T:2884    debug <general>:     Has key: AKEYCODE_RIGHT_BRACKET (72)
2026-06-06 17:34:47.190 T:2884    debug <general>:     Has key: AKEYCODE_BACKSLASH (73)
2026-06-06 17:34:47.190 T:2884    debug <general>:     Has key: AKEYCODE_SEMICOLON (74)
2026-06-06 17:34:47.190 T:2884    debug <general>:     Has key: AKEYCODE_APOSTROPHE (75)
2026-06-06 17:34:47.190 T:2884    debug <general>:     Has key: AKEYCODE_SLASH (76)
2026-06-06 17:34:47.190 T:2884    debug <general>:     Has key: AKEYCODE_HEADSETHOOK (79)
2026-06-06 17:34:47.190 T:2884    debug <general>:     Has key: AKEYCODE_MENU (82)
2026-06-06 17:34:47.190 T:2884    debug <general>:     Has key: AKEYCODE_NOTIFICATION (83)
2026-06-06 17:34:47.190 T:2884    debug <general>:     Has key: AKEYCODE_SEARCH (84)
2026-06-06 17:34:47.190 T:2884    debug <general>:     Has key: AKEYCODE_MEDIA_PLAY_PAUSE (85)
2026-06-06 17:34:47.190 T:2884    debug <general>:     Has key: AKEYCODE_MEDIA_STOP (86)
2026-06-06 17:34:47.190 T:2884    debug <general>:     Has key: AKEYCODE_MEDIA_NEXT (87)
2026-06-06 17:34:47.190 T:2884    debug <general>:     Has key: AKEYCODE_MEDIA_PREVIOUS (88)
2026-06-06 17:34:47.190 T:2884    debug <general>:     Has key: AKEYCODE_MEDIA_REWIND (89)
2026-06-06 17:34:47.190 T:2884    debug <general>:     Has key: AKEYCODE_MEDIA_FAST_FORWARD (90)
2026-06-06 17:34:47.190 T:2884    debug <general>:     Has key: AKEYCODE_PAGE_UP (92)
2026-06-06 17:34:47.190 T:2884    debug <general>:     Has key: AKEYCODE_PAGE_DOWN (93)
2026-06-06 17:34:47.190 T:2884    debug <general>:     Has key: AKEYCODE_ESCAPE (111)
2026-06-06 17:34:47.190 T:2884    debug <general>:     Has key: AKEYCODE_FORWARD_DEL (112)
2026-06-06 17:34:47.190 T:2884    debug <general>:     Has key: AKEYCODE_CTRL_LEFT (113)
2026-06-06 17:34:47.190 T:2884    debug <general>:     Has key: AKEYCODE_CTRL_RIGHT (114)
2026-06-06 17:34:47.190 T:2884    debug <general>:     Has key: AKEYCODE_CAPS_LOCK (115)
2026-06-06 17:34:47.190 T:2884    debug <general>:     Has key: AKEYCODE_SCROLL_LOCK (116)
2026-06-06 17:34:47.190 T:2884    debug <general>:     Has key: AKEYCODE_META_LEFT (117)
2026-06-06 17:34:47.190 T:2884    debug <general>:     Has key: AKEYCODE_META_RIGHT (118)
2026-06-06 17:34:47.190 T:2884    debug <general>:     Has key: AKEYCODE_SYSRQ (120)
2026-06-06 17:34:47.190 T:2884    debug <general>:     Has key: AKEYCODE_BREAK (121)
2026-06-06 17:34:47.190 T:2884    debug <general>:     Has key: AKEYCODE_MOVE_HOME (122)
2026-06-06 17:34:47.190 T:2884    debug <general>:     Has key: AKEYCODE_MOVE_END (123)
2026-06-06 17:34:47.190 T:2884    debug <general>:     Has key: AKEYCODE_INSERT (124)
2026-06-06 17:34:47.190 T:2884    debug <general>:     Has key: AKEYCODE_FORWARD (125)
2026-06-06 17:34:47.190 T:2884    debug <general>:     Has key: AKEYCODE_MEDIA_PLAY (126)
2026-06-06 17:34:47.190 T:2884    debug <general>:     Has key: AKEYCODE_MEDIA_PAUSE (127)
2026-06-06 17:34:47.190 T:2884    debug <general>:     Has key: AKEYCODE_MEDIA_CLOSE (128)
2026-06-06 17:34:47.190 T:2884    debug <general>:     Has key: AKEYCODE_MEDIA_EJECT (129)
2026-06-06 17:34:47.190 T:2884    debug <general>:     Has key: AKEYCODE_MEDIA_RECORD (130)
2026-06-06 17:34:47.190 T:2884    debug <general>:     Has key: AKEYCODE_F1 (131)
2026-06-06 17:34:47.190 T:2884    debug <general>:     Has key: AKEYCODE_F2 (132)
2026-06-06 17:34:47.191 T:2884    debug <general>:     Has key: AKEYCODE_F3 (133)
2026-06-06 17:34:47.191 T:2884    debug <general>:     Has key: AKEYCODE_F4 (134)
2026-06-06 17:34:47.191 T:2884    debug <general>:     Has key: AKEYCODE_F5 (135)
2026-06-06 17:34:47.191 T:2884    debug <general>:     Has key: AKEYCODE_F6 (136)
2026-06-06 17:34:47.191 T:2884    debug <general>:     Has key: AKEYCODE_F7 (137)
2026-06-06 17:34:47.191 T:2884    debug <general>:     Has key: AKEYCODE_F8 (138)
2026-06-06 17:34:47.191 T:2884    debug <general>:     Has key: AKEYCODE_F9 (139)
2026-06-06 17:34:47.191 T:2884    debug <general>:     Has key: AKEYCODE_F10 (140)
2026-06-06 17:34:47.191 T:2884    debug <general>:     Has key: AKEYCODE_F11 (141)
2026-06-06 17:34:47.191 T:2884    debug <general>:     Has key: AKEYCODE_F12 (142)
2026-06-06 17:34:47.191 T:2884    debug <general>:     Has key: AKEYCODE_NUM_LOCK (143)
2026-06-06 17:34:47.191 T:2884    debug <general>:     Has key: AKEYCODE_NUMPAD_0 (144)
2026-06-06 17:34:47.191 T:2884    debug <general>:     Has key: AKEYCODE_NUMPAD_1 (145)
2026-06-06 17:34:47.191 T:2884    debug <general>:     Has key: AKEYCODE_NUMPAD_2 (146)
2026-06-06 17:34:47.191 T:2884    debug <general>:     Has key: AKEYCODE_NUMPAD_3 (147)
2026-06-06 17:34:47.191 T:2884    debug <general>:     Has key: AKEYCODE_NUMPAD_4 (148)
2026-06-06 17:34:47.191 T:2884    debug <general>:     Has key: AKEYCODE_NUMPAD_5 (149)
2026-06-06 17:34:47.191 T:2884    debug <general>:     Has key: AKEYCODE_NUMPAD_6 (150)
2026-06-06 17:34:47.191 T:2884    debug <general>:     Has key: AKEYCODE_NUMPAD_7 (151)
2026-06-06 17:34:47.191 T:2884    debug <general>:     Has key: AKEYCODE_NUMPAD_8 (152)
2026-06-06 17:34:47.191 T:2884    debug <general>:     Has key: AKEYCODE_NUMPAD_9 (153)
2026-06-06 17:34:47.191 T:2884    debug <general>:     Has key: AKEYCODE_NUMPAD_DIVIDE (154)
2026-06-06 17:34:47.191 T:2884    debug <general>:     Has key: AKEYCODE_NUMPAD_MULTIPLY (155)
2026-06-06 17:34:47.191 T:2884    debug <general>:     Has key: AKEYCODE_NUMPAD_SUBTRACT (156)
2026-06-06 17:34:47.191 T:2884    debug <general>:     Has key: AKEYCODE_NUMPAD_ADD (157)
2026-06-06 17:34:47.191 T:2884    debug <general>:     Has key: AKEYCODE_NUMPAD_DOT (158)
2026-06-06 17:34:47.191 T:2884    debug <general>:     Has key: AKEYCODE_NUMPAD_COMMA (159)
2026-06-06 17:34:47.191 T:2884    debug <general>:     Has key: AKEYCODE_NUMPAD_ENTER (160)
2026-06-06 17:34:47.191 T:2884    debug <general>:     Has key: AKEYCODE_NUMPAD_EQUALS (161)
2026-06-06 17:34:47.191 T:2884    debug <general>:     Has key: AKEYCODE_NUMPAD_LEFT_PAREN (162)
2026-06-06 17:34:47.191 T:2884    debug <general>:     Has key: AKEYCODE_NUMPAD_RIGHT_PAREN (163)
2026-06-06 17:34:47.191 T:2884    debug <general>:     Has key: AKEYCODE_VOLUME_MUTE (164)
2026-06-06 17:34:47.191 T:2884    debug <general>:     Has key: AKEYCODE_BOOKMARK (174)
2026-06-06 17:34:47.192 T:2884    debug <general>:     Has key: AKEYCODE_APP_SWITCH (187)
2026-06-06 17:34:47.192 T:2884    debug <general>:     Has key: AKEYCODE_MUSIC (209)
2026-06-06 17:34:47.192 T:2884    debug <general>:     Has key: AKEYCODE_CALCULATOR (210)
2026-06-06 17:34:47.192 T:2884    debug <general>:     Has key: AKEYCODE_ZENKAKU_HANKAKU (211)
2026-06-06 17:34:47.192 T:2884    debug <general>:     Has key: AKEYCODE_EISU (212)
2026-06-06 17:34:47.192 T:2884    debug <general>:     Has key: AKEYCODE_MUHENKAN (213)
2026-06-06 17:34:47.192 T:2884    debug <general>:     Has key: AKEYCODE_HENKAN (214)
2026-06-06 17:34:47.192 T:2884    debug <general>:     Has key: AKEYCODE_KATAKANA_HIRAGANA (215)
2026-06-06 17:34:47.192 T:2884    debug <general>:     Has key: AKEYCODE_YEN (216)
2026-06-06 17:34:47.192 T:2884    debug <general>:     Has key: AKEYCODE_RO (217)
2026-06-06 17:34:47.192 T:2884    debug <general>:     Has key: AKEYCODE_KANA (218)
2026-06-06 17:34:47.192 T:2884    debug <general>:     Has key: AKEYCODE_BRIGHTNESS_DOWN (220)
2026-06-06 17:34:47.192 T:2884    debug <general>:     Has key: AKEYCODE_BRIGHTNESS_UP (221)
2026-06-06 17:34:47.192 T:2884    debug <general>:     Has key: AKEYCODE_SLEEP (223)
2026-06-06 17:34:47.192 T:2884    debug <general>:     Has key: AKEYCODE_WAKEUP (224)
2026-06-06 17:34:47.192 T:2884    debug <general>:     Has key: AKEYCODE_CUT (277)
2026-06-06 17:34:47.192 T:2884    debug <general>:     Has key: AKEYCODE_COPY (278)
2026-06-06 17:34:47.192 T:2884    debug <general>:     Has key: AKEYCODE_PASTE (279)
2026-06-06 17:34:47.192 T:2884    debug <general>:     Has key: AKEYCODE_REFRESH (285)
2026-06-06 17:34:47.193 T:2884    debug <general>:     Has axis: AMOTION_EVENT_AXIS_X (0)
2026-06-06 17:34:47.193 T:2884    debug <general>:       Endpoints: [0.000000, 1599.000000]
2026-06-06 17:34:47.194 T:2884    debug <general>:       Center: 0.000000
2026-06-06 17:34:47.194 T:2884    debug <general>:       Fuzz: 0.000000
2026-06-06 17:34:47.194 T:2884    debug <general>:     Has axis: AMOTION_EVENT_AXIS_Y (1)
2026-06-06 17:34:47.194 T:2884    debug <general>:       Endpoints: [0.000000, 899.000000]
2026-06-06 17:34:47.194 T:2884    debug <general>:       Center: 0.000000
2026-06-06 17:34:47.194 T:2884    debug <general>:       Fuzz: 0.000000
2026-06-06 17:34:47.194 T:2884    debug <general>:     Has axis: AMOTION_EVENT_AXIS_PRESSURE (2)
2026-06-06 17:34:47.195 T:2884    debug <general>:       Endpoints: [0.000000, 1.000000]
2026-06-06 17:34:47.195 T:2884    debug <general>:       Center: 0.000000
2026-06-06 17:34:47.195 T:2884    debug <general>:       Fuzz: 0.000000
2026-06-06 17:34:47.195 T:2884    debug <general>:     Has axis: AMOTION_EVENT_AXIS_VSCROLL (9)
2026-06-06 17:34:47.195 T:2884    debug <general>:       Endpoints: [-1.000000, 1.000000]
2026-06-06 17:34:47.195 T:2884    debug <general>:       Center: 0.000000
2026-06-06 17:34:47.195 T:2884    debug <general>:       Fuzz: 0.000000
2026-06-06 17:34:47.195 T:2884    debug <general>:     Has axis: AMOTION_EVENT_AXIS_HSCROLL (10)
2026-06-06 17:34:47.195 T:2884    debug <general>:       Endpoints: [-1.000000, 1.000000]
2026-06-06 17:34:47.195 T:2884    debug <general>:       Center: 0.000000
2026-06-06 17:34:47.195 T:2884    debug <general>:       Fuzz: 0.000000
2026-06-06 17:34:47.195 T:2884    debug <general>:     Has axis: AMOTION_EVENT_AXIS_X (0)
2026-06-06 17:34:47.196 T:2884    debug <general>:       Endpoints: [0.000000, 1599.000000]
2026-06-06 17:34:47.196 T:2884    debug <general>:       Center: 0.000000
2026-06-06 17:34:47.196 T:2884    debug <general>:       Fuzz: 0.000000
2026-06-06 17:34:47.196 T:2884    debug <general>:     Has axis: AMOTION_EVENT_AXIS_Y (1)
2026-06-06 17:34:47.196 T:2884    debug <general>:       Endpoints: [0.000000, 899.000000]
2026-06-06 17:34:47.196 T:2884    debug <general>:       Center: 0.000000
2026-06-06 17:34:47.196 T:2884    debug <general>:       Fuzz: 0.000000
2026-06-06 17:34:47.196 T:2884    debug <general>:     Has axis: AMOTION_EVENT_AXIS_PRESSURE (2)
2026-06-06 17:34:47.197 T:2884    debug <general>:       Endpoints: [0.000000, 1.000000]
2026-06-06 17:34:47.197 T:2884    debug <general>:       Center: 0.000000
2026-06-06 17:34:47.197 T:2884    debug <general>:       Fuzz: 0.000000
2026-06-06 17:34:47.198 T:2884    debug <general>: CPeripheralBusAndroid: ignoring non-joystick device
2026-06-06 17:34:47.199 T:2884    debug <general>: CPeripheralBusAndroid: Device discovered:
2026-06-06 17:34:47.199 T:2884    debug <general>:   Name: "Xiaomi Joystick"
2026-06-06 17:34:47.199 T:2884    debug <general>:     ID: 4
2026-06-06 17:34:47.199 T:2884    debug <general>:     Controller number: 1
2026-06-06 17:34:47.199 T:2884    debug <general>:     Descriptor: "1d224f0a9f4437..."
2026-06-06 17:34:47.199 T:2884    debug <general>:     Product ID: 0002
2026-06-06 17:34:47.199 T:2884    debug <general>:     Vendor ID: 1235
2026-06-06 17:34:47.199 T:2884    debug <general>:     Has microphone: false
2026-06-06 17:34:47.199 T:2884    debug <general>:     Is virtual: false
2026-06-06 17:34:47.199 T:2884    debug <general>:     Source flags: 0x000003
2026-06-06 17:34:47.202 T:2884    debug <general>:     Has key: AKEYCODE_DPAD_UP (19)
2026-06-06 17:34:47.202 T:2884    debug <general>:     Has key: AKEYCODE_DPAD_DOWN (20)
2026-06-06 17:34:47.202 T:2884    debug <general>:     Has key: AKEYCODE_DPAD_LEFT (21)
2026-06-06 17:34:47.202 T:2884    debug <general>:     Has key: AKEYCODE_DPAD_RIGHT (22)
2026-06-06 17:34:47.202 T:2884    debug <general>:     Has key: AKEYCODE_DPAD_CENTER (23)
2026-06-06 17:34:47.202 T:2884    debug <general>:     Has key: AKEYCODE_BUTTON_A (96)
2026-06-06 17:34:47.202 T:2884    debug <general>:     Has key: AKEYCODE_BUTTON_B (97)
2026-06-06 17:34:47.203 T:2884    debug <general>:     Has key: AKEYCODE_BUTTON_C (98)
2026-06-06 17:34:47.204 T:2884    debug <general>:     Has key: AKEYCODE_BUTTON_X (99)
2026-06-06 17:34:47.204 T:2884    debug <general>:     Has key: AKEYCODE_BUTTON_Y (100)
2026-06-06 17:34:47.204 T:2884    debug <general>:     Has key: AKEYCODE_BUTTON_Z (101)
2026-06-06 17:34:47.204 T:2884    debug <general>:     Has key: AKEYCODE_BUTTON_L1 (102)
2026-06-06 17:34:47.204 T:2884    debug <general>:     Has key: AKEYCODE_BUTTON_R1 (103)
2026-06-06 17:34:47.204 T:2884    debug <general>:     Has key: AKEYCODE_BUTTON_L2 (104)
2026-06-06 17:34:47.204 T:2884    debug <general>:     Has key: AKEYCODE_BUTTON_R2 (105)
2026-06-06 17:34:47.204 T:2884    debug <general>:     Has key: AKEYCODE_BUTTON_THUMBL (106)
2026-06-06 17:34:47.204 T:2884    debug <general>:     Has key: AKEYCODE_BUTTON_THUMBR (107)
2026-06-06 17:34:47.204 T:2884    debug <general>:     Has key: AKEYCODE_BUTTON_START (108)
2026-06-06 17:34:47.204 T:2884    debug <general>:     Has key: AKEYCODE_BUTTON_SELECT (109)
2026-06-06 17:34:47.204 T:2884    debug <general>:     Has key: AKEYCODE_BUTTON_MODE (110)
2026-06-06 17:34:47.204 T:2884    debug <general>:     Has key: AKEYCODE_BUTTON_1 (188)
2026-06-06 17:34:47.204 T:2884    debug <general>:     Has key: AKEYCODE_BUTTON_2 (189)
2026-06-06 17:34:47.204 T:2884    debug <general>:     Has key: AKEYCODE_BUTTON_3 (190)
2026-06-06 17:34:47.204 T:2884    debug <general>:     Has key: AKEYCODE_BUTTON_4 (191)
2026-06-06 17:34:47.204 T:2884    debug <general>:     Has key: AKEYCODE_BUTTON_5 (192)
2026-06-06 17:34:47.204 T:2884    debug <general>:     Has key: AKEYCODE_BUTTON_6 (193)
2026-06-06 17:34:47.204 T:2884    debug <general>:     Has key: AKEYCODE_BUTTON_7 (194)
2026-06-06 17:34:47.204 T:2884    debug <general>:     Has key: AKEYCODE_BUTTON_8 (195)
2026-06-06 17:34:47.204 T:2884    debug <general>:     Has key: AKEYCODE_BUTTON_9 (196)
2026-06-06 17:34:47.204 T:2884    debug <general>:     Has key: AKEYCODE_BUTTON_10 (197)
2026-06-06 17:34:47.204 T:2884    debug <general>:     Has axis: AMOTION_EVENT_AXIS_X (0)
2026-06-06 17:34:47.205 T:2884    debug <general>:       Endpoints: [0.000000, 1599.000000]
2026-06-06 17:34:47.206 T:2884    debug <general>:       Center: 0.000000
2026-06-06 17:34:47.206 T:2884    debug <general>:       Fuzz: 0.000000
2026-06-06 17:34:47.206 T:2884    debug <general>:     Has axis: AMOTION_EVENT_AXIS_Y (1)
2026-06-06 17:34:47.207 T:2884    debug <general>:       Endpoints: [0.000000, 899.000000]
2026-06-06 17:34:47.207 T:2884    debug <general>:       Center: 0.000000
2026-06-06 17:34:47.207 T:2884    debug <general>:       Fuzz: 0.000000
2026-06-06 17:34:47.207 T:2884    debug <general>:     Has axis: AMOTION_EVENT_AXIS_PRESSURE (2)
2026-06-06 17:34:47.207 T:2884    debug <general>:       Endpoints: [0.000000, 1.000000]
2026-06-06 17:34:47.207 T:2884    debug <general>:       Center: 0.000000
2026-06-06 17:34:47.207 T:2884    debug <general>:       Fuzz: 0.000000
2026-06-06 17:34:47.207 T:2884    debug <general>:     Has axis: AMOTION_EVENT_AXIS_HAT_Y (16)
2026-06-06 17:34:47.207 T:2884    debug <general>:       Endpoints: [-1.000000, 1.000000]
2026-06-06 17:34:47.207 T:2884    debug <general>:       Center: 0.000000
2026-06-06 17:34:47.207 T:2884    debug <general>:       Fuzz: 0.000000
2026-06-06 17:34:47.207 T:2884    debug <general>:     Has axis: AMOTION_EVENT_AXIS_HAT_X (15)
2026-06-06 17:34:47.207 T:2884    debug <general>:       Endpoints: [-1.000000, 1.000000]
2026-06-06 17:34:47.207 T:2884    debug <general>:       Center: 0.000000
2026-06-06 17:34:47.208 T:2884    debug <general>:       Fuzz: 0.000000
2026-06-06 17:34:47.208 T:2884    debug <general>:     Has axis: AMOTION_EVENT_AXIS_RZ (14)
2026-06-06 17:34:47.208 T:2884    debug <general>:       Endpoints: [-1.000000, 1.000000]
2026-06-06 17:34:47.208 T:2884    debug <general>:       Center: 0.000000
2026-06-06 17:34:47.208 T:2884    debug <general>:       Fuzz: 0.000000
2026-06-06 17:34:47.208 T:2884    debug <general>:     Has axis: AMOTION_EVENT_AXIS_RTRIGGER (18)
2026-06-06 17:34:47.208 T:2884    debug <general>:       Endpoints: [0.000000, 1.000000]
2026-06-06 17:34:47.208 T:2884    debug <general>:       Center: 0.000000
2026-06-06 17:34:47.208 T:2884    debug <general>:       Fuzz: 0.000000
2026-06-06 17:34:47.208 T:2884    debug <general>:     Has axis: AMOTION_EVENT_AXIS_GAS (22)
2026-06-06 17:34:47.208 T:2884    debug <general>:       Endpoints: [0.000000, 1.000000]
2026-06-06 17:34:47.209 T:2884    debug <general>:       Center: 0.000000
2026-06-06 17:34:47.209 T:2884    debug <general>:       Fuzz: 0.000000
2026-06-06 17:34:47.209 T:2884    debug <general>:     Has axis: AMOTION_EVENT_AXIS_LTRIGGER (17)
2026-06-06 17:34:47.210 T:2884    debug <general>:       Endpoints: [0.000000, 1.000000]
2026-06-06 17:34:47.210 T:2884    debug <general>:       Center: 0.000000
2026-06-06 17:34:47.210 T:2884    debug <general>:       Fuzz: 0.000000
2026-06-06 17:34:47.210 T:2884    debug <general>:     Has axis: AMOTION_EVENT_AXIS_BRAKE (23)
2026-06-06 17:34:47.210 T:2884    debug <general>:       Endpoints: [0.000000, 1.000000]
2026-06-06 17:34:47.210 T:2884    debug <general>:       Center: 0.000000
2026-06-06 17:34:47.210 T:2884    debug <general>:       Fuzz: 0.000000
2026-06-06 17:34:47.211 T:2884    debug <general>:     Has axis: AMOTION_EVENT_AXIS_Z (11)
2026-06-06 17:34:47.211 T:2884    debug <general>:       Endpoints: [-1.000000, 1.000000]
2026-06-06 17:34:47.211 T:2884    debug <general>:       Center: 0.000000
2026-06-06 17:34:47.211 T:2884    debug <general>:       Fuzz: 0.000000
2026-06-06 17:34:47.211 T:2884    debug <general>:     Has axis: AMOTION_EVENT_AXIS_Y (1)
2026-06-06 17:34:47.211 T:2884    debug <general>:       Endpoints: [-1.000000, 1.000000]
2026-06-06 17:34:47.211 T:2884    debug <general>:       Center: 0.000000
2026-06-06 17:34:47.211 T:2884    debug <general>:       Fuzz: 0.000000
2026-06-06 17:34:47.211 T:2884    debug <general>:     Has axis: AMOTION_EVENT_AXIS_X (0)
2026-06-06 17:34:47.212 T:2884    debug <general>:       Endpoints: [-1.000000, 1.000000]
2026-06-06 17:34:47.212 T:2884    debug <general>:       Center: 0.000000
2026-06-06 17:34:47.212 T:2884    debug <general>:       Fuzz: 0.000000
2026-06-06 17:34:47.212 T:2884    debug <general>: CPeripheralBusAndroid: ignoring non-joystick device
2026-06-06 17:34:47.215 T:3428    debug <general>: Thread PeripBusAddon start, auto delete: false
2026-06-06 17:34:47.217 T:2884    debug <general>: [threads] name: 'PeripBusAddon' priority: '-9'
2026-06-06 17:34:47.221 T:2884    debug <general>: Initialise - initialised peripheral on 'keyboard' with 1 features and 0 sub devices
2026-06-06 17:34:47.221 T:2884     info <general>: Register - new keyboard device registered on application->keyboard: Keyboard (0000:0000)
2026-06-06 17:34:47.223 T:2884    debug <general>: Initialise - initialised peripheral on 'mouse' with 1 features and 0 sub devices
2026-06-06 17:34:47.223 T:2884     info <general>: Register - new mouse device registered on application->mouse: Mouse (0000:0000)
2026-06-06 17:34:47.232 T:3429    debug <general>: Thread PeripEventScan start, auto delete: false
2026-06-06 17:34:47.236 T:2884    debug <general>: ContextMenuManager: addon menus reloaded.
2026-06-06 17:34:47.237 T:3432    debug <general>: Thread JobWorker start, auto delete: true
2026-06-06 17:34:47.237 T:2884     info <general>: Loading player core factory settings from special://xbmc/system/playercorefactory.xml.
2026-06-06 17:34:47.238 T:3432    debug <general>: [threads] name: 'JobWorker' priority: '-9'
2026-06-06 17:34:47.241 T:2884    debug <general>: CPlayerCoreConfig::<ctor>: created player VideoPlayer
2026-06-06 17:34:47.241 T:2884    debug <general>: CPlayerCoreConfig::<ctor>: created player PAPlayer
2026-06-06 17:34:47.241 T:2884    debug <general>: CPlayerCoreConfig::<ctor>: created player RetroPlayer
2026-06-06 17:34:47.242 T:2884    debug <general>: CPlayerSelectionRule::Initialize: creating rule: system rules
2026-06-06 17:34:47.242 T:2884    debug <general>: CPlayerSelectionRule::Initialize: creating rule: mms/udp
2026-06-06 17:34:47.242 T:2884    debug <general>: CPlayerSelectionRule::Initialize: creating rule: lastfm/shout
2026-06-06 17:34:47.242 T:2884    debug <general>: CPlayerSelectionRule::Initialize: creating rule: rtmp
2026-06-06 17:34:47.242 T:2884    debug <general>: CPlayerSelectionRule::Initialize: creating rule: rtsp
2026-06-06 17:34:47.243 T:2884    debug <general>: CPlayerSelectionRule::Initialize: creating rule: streams
2026-06-06 17:34:47.243 T:2884    debug <general>: CPlayerSelectionRule::Initialize: creating rule: aacp/sdp
2026-06-06 17:34:47.243 T:2884    debug <general>: CPlayerSelectionRule::Initialize: creating rule: mp2
2026-06-06 17:34:47.243 T:2884    debug <general>: CPlayerSelectionRule::Initialize: creating rule: dvd
2026-06-06 17:34:47.243 T:2884    debug <general>: CPlayerSelectionRule::Initialize: creating rule: discimage
2026-06-06 17:34:47.243 T:2884    debug <general>: CPlayerSelectionRule::Initialize: creating rule: sdp/asf
2026-06-06 17:34:47.243 T:2884    debug <general>: CPlayerSelectionRule::Initialize: creating rule: nsv
2026-06-06 17:34:47.243 T:2884    debug <general>: CPlayerSelectionRule::Initialize: creating rule: radio
2026-06-06 17:34:47.243 T:2884     info <general>: Loaded playercorefactory configuration
2026-06-06 17:34:47.244 T:2884     info <general>: Loading player core factory settings from special://masterprofile/playercorefactory.xml.
2026-06-06 17:34:47.244 T:2884     info <general>: special://masterprofile/playercorefactory.xml does not exist. Skipping.
2026-06-06 17:34:47.244 T:2884     info <general>: removing tempfiles
2026-06-06 17:34:47.259 T:3332    debug <general>: CAddonDatabase::GetAddons took 765 ms
2026-06-06 17:34:47.275 T:2884    debug <general>: CRepositoryUpdater: closest next update check at 06/06/2026 9:46:33 PM (in 15106 s)
2026-06-06 17:34:47.275 T:2884    debug <general>: CRepositoryUpdater: checking in 15106000 ms
2026-06-06 17:34:47.316 T:3432    debug <general>: CMultiPathDirectory::GetDirectory(multipath://special%3a%2f%2fprofile%2fplaylists%2fvideo/special%3a%2f%2fprofile%2fplaylists%2fmixed/)
2026-06-06 17:34:47.316 T:3432    debug <general>: Getting Directory (special://profile/playlists/video)
2026-06-06 17:34:47.318 T:3432    debug <general>: Getting Directory (special://profile/playlists/mixed)
2026-06-06 17:34:47.320 T:3432    debug <general>: CMultiPathDirectory::MergeItems, items = 0
2026-06-06 17:34:47.325 T:3432    debug <general>: CRecentlyAddedJob::UpdateMusic() - Running RecentlyAdded home screen update
2026-06-06 17:34:47.332 T:3434    debug <general>: Thread Timer start, auto delete: false
2026-06-06 17:34:47.338 T:2884    debug <general>: CServiceAddonManager: starting service.xbmc.versioncheck
2026-06-06 17:34:47.344 T:3432    debug <general>: GetRecentlyAddedAlbumSongs() query: SELECT songview.*, songartistview.* FROM (SELECT idAlbum, dateAdded FROM album ORDER BY dateAdded DESC LIMIT 10) AS recentalbums JOIN songview ON songview.idAlbum = recentalbums.idAlbum JOIN songartistview ON songview.idSong = songartistview.idSong ORDER BY recentalbums.dateAdded DESC, songview.idAlbum DESC, songview.idSong, songartistview.idRole, songartistview.iOrder 
2026-06-06 17:34:47.343 T:3435    debug <general>: Thread LanguageInvoker start, auto delete: false
2026-06-06 17:34:47.345 T:2884     info <general>: initialize done
2026-06-06 17:34:47.345 T:2884     info <general>: Running the application...
2026-06-06 17:34:47.346 T:3435    debug <general>: initializing python engine.
2026-06-06 17:34:47.354 T:2884    debug <general>: NetworkMessage - Starting network services
2026-06-06 17:34:47.355 T:3432    debug <general>: GetRecentlyAddedAlbums query: SELECT albumview.*, albumartistview.* FROM (SELECT idAlbum FROM album WHERE strAlbum != '' ORDER BY dateAdded DESC LIMIT 10) AS recentalbums JOIN albumview ON albumview.idAlbum = recentalbums.idAlbum JOIN albumartistview ON albumview.idAlbum = albumartistview.idAlbum ORDER BY dateAdded DESC, albumview.idAlbum desc, albumartistview.iOrder 
2026-06-06 17:34:47.368 T:3432    debug <general>: CRecentlyAddedJob::UpdateVideos() - Running RecentlyAdded home screen update
2026-06-06 17:34:47.392 T:2884     info <general>: starting zeroconf publishing
2026-06-06 17:34:47.397 T:3437    debug <general>: Thread EventServer start, auto delete: false
2026-06-06 17:34:47.398 T:3437     info <general>: ES: Starting UDP Event server on port 9777
2026-06-06 17:34:47.398 T:3437     info <general>: UDP: Listening on port 9777 (ipv6 : false)
2026-06-06 17:34:47.402 T:2884     info <general>: JSONRPC Server: Successfully initialized
2026-06-06 17:34:47.443 T:3332    debug <general>: CAddonMgr::GetAvailableUpdatesOrOutdatedAddons took 1036 ms
2026-06-06 17:34:47.462 T:3440    debug <general>: Thread TCPServer start, auto delete: false
2026-06-06 17:34:47.483 T:3441    debug <general>: Thread WSDiscoveryListenerUDP start, auto delete: false
2026-06-06 17:34:47.495 T:3432    debug <general>: CRecentlyAddedJob::UpdateTotal() - Running RecentlyAdded home screen update
2026-06-06 17:34:47.504 T:2884    debug <general>: [threads] name: 'WSDiscoveryListenerUDP' priority: '-9'
2026-06-06 17:34:47.505 T:2884     info <general>: CWSDiscoveryListenerUDP::Start - Started
2026-06-06 17:34:47.594 T:3332    debug <general>: ZeroconfAndroid: identifier: servers.eventserver type: _xbmc-events._udp name:Kodi (10.0.2.15) port:9777
2026-06-06 17:34:47.595 T:3432    debug <general>: ZeroconfAndroid: identifier: servers.jsonrpc-tcp type: _xbmc-jsonrpc._tcp name:Kodi (10.0.2.15) port:9090
2026-06-06 17:34:48.060 T:3435    debug <general>: CPythonInvoker(0, /storage/emulated/0/Android/data/org.xbmc.kodi/files/.kodi/addons/service.xbmc.versioncheck/resources/lib/runner.py): start processing
2026-06-06 17:34:48.301 T:3435    debug <general>: -->Python Interpreter Initialized<--
2026-06-06 17:34:48.302 T:3435    debug <general>: 
                                                   
2026-06-06 17:34:48.302 T:3435    debug <general>: CPythonInvoker(0, /storage/emulated/0/Android/data/org.xbmc.kodi/files/.kodi/addons/service.xbmc.versioncheck/resources/lib/runner.py): the source file to load is "/storage/emulated/0/Android/data/org.xbmc.kodi/files/.kodi/addons/service.xbmc.versioncheck/resources/lib/runner.py"
2026-06-06 17:34:48.302 T:3435    debug <general>: CPythonInvoker(0): full python path:
2026-06-06 17:34:48.302 T:3435    debug <general>: CPythonInvoker(0):   custom python path:
2026-06-06 17:34:48.302 T:3435    debug <general>: CPythonInvoker(0):     /storage/emulated/0/Android/data/org.xbmc.kodi/files/.kodi/addons/service.xbmc.versioncheck/resources/lib
2026-06-06 17:34:48.302 T:3435    debug <general>: CPythonInvoker(0):   default python path:
2026-06-06 17:34:48.302 T:3435    debug <general>: CPythonInvoker(0):     /data/user/0/org.xbmc.kodi/cache/apk/assets/python3.11/lib/python311.zip
2026-06-06 17:34:48.302 T:3435    debug <general>: CPythonInvoker(0):     /data/user/0/org.xbmc.kodi/cache/apk/assets/python3.11
2026-06-06 17:34:48.302 T:3435    debug <general>: CPythonInvoker(0):     /data/user/0/org.xbmc.kodi/cache/apk/assets/python3.11/site-packages
2026-06-06 17:34:48.302 T:3435    debug <general>: CPythonInvoker(0):     /data/user/0/org.xbmc.kodi/cache/apk/assets/python3.11/lib/python3.11
2026-06-06 17:34:48.302 T:3435    debug <general>: CPythonInvoker(0):     /data/user/0/org.xbmc.kodi/cache/apk/assets/python3.11/lib/python3.11/lib-dynload
2026-06-06 17:34:48.302 T:3435    debug <general>: CPythonInvoker(0):     /data/user/0/org.xbmc.kodi/cache/apk/assets/python3.11/lib/python3.11/site-packages
2026-06-06 17:34:48.302 T:3435    debug <general>: CPythonInvoker(0):     /data/user/0/org.xbmc.kodi/cache/apk/assets/python3.11/lib/python3.11/site-packages/setuptools-65.5.0.post20250201-py3.11.egg
2026-06-06 17:34:48.302 T:3435    debug <general>: CPythonInvoker(0): adding args:
2026-06-06 17:34:48.302 T:3435    debug <general>: CPythonInvoker(0):  
2026-06-06 17:34:48.302 T:3435    debug <general>: CPythonInvoker(0, /storage/emulated/0/Android/data/org.xbmc.kodi/files/.kodi/addons/service.xbmc.versioncheck/resources/lib/runner.py): entering source directory /storage/emulated/0/Android/data/org.xbmc.kodi/files/.kodi/addons/service.xbmc.versioncheck/resources/lib
2026-06-06 17:34:48.303 T:3435    debug <general>: CPythonInvoker(0, /storage/emulated/0/Android/data/org.xbmc.kodi/files/.kodi/addons/service.xbmc.versioncheck/resources/lib/runner.py): instantiating addon using automatically obtained id of "service.xbmc.versioncheck" dependent on version 3.0.0 of the xbmc.python api
2026-06-06 17:34:48.541 T:2884    debug <general>: ------ Window Init () ------
2026-06-06 17:34:49.523 T:3435    debug <general>: Version Check: Version 0.5.30+matrix.1 started
2026-06-06 17:34:54.776 T:3435    debug <general>: Version Check: Version installed {'major': 21, 'minor': 2, 'revision': '20250201-cc4e1fedda', 'tag': 'stable'}
2026-06-06 17:34:54.780 T:3435    debug <general>: Version Check: Version available  {'major': '21', 'minor': '0', 'tag': 'stable', 'tagversion': '', 'revision': '20240406-60c4500054', 'extrainfo': 'final', 'addon_support': 'yes'}
2026-06-06 17:34:54.781 T:3435    debug <general>: Version Check: There is no newer stable available
2026-06-06 17:34:54.783 T:3435    debug <general>: CPythonInvoker(0, /storage/emulated/0/Android/data/org.xbmc.kodi/files/.kodi/addons/service.xbmc.versioncheck/resources/lib/runner.py): script successfully run
2026-06-06 17:34:54.785 T:3435    debug <general>: onExecutionDone(0, /storage/emulated/0/Android/data/org.xbmc.kodi/files/.kodi/addons/service.xbmc.versioncheck/resources/lib/runner.py)
2026-06-06 17:34:54.837 T:3435    debug <general>: .
2026-06-06 17:34:54.926 T:3435    debug <general>: Python interpreter stopped
2026-06-06 17:34:54.936 T:3435    debug <general>: Thread LanguageInvoker 129061674319088 terminating
2026-06-06 17:34:55.792 T:3436    error <general>: ZeroconfAndroid: Kodi (10.0.2.15)._xbmc-events._udp registration failed: 0
2026-06-06 17:34:59.489 T:3436    error <general>: ZeroconfAndroid: Kodi (10.0.2.15)._xbmc-jsonrpc._tcp registration failed: 0
2026-06-06 17:35:18.888 T:3419    debug <general>: Thread JobWorker 129061792890096 terminating (autodelete)
2026-06-06 17:35:18.890 T:3332    debug <general>: Thread JobWorker 129061822090480 terminating (autodelete)
2026-06-06 17:35:18.889 T:3432    debug <general>: Thread JobWorker 129061680041200 terminating (autodelete)
2026-06-06 17:35:40.085 T:3266    debug <general>: Draining Audio
2026-06-06 17:35:50.102 T:3266    debug <general>: CAESinkAUDIOTRACK::Deinitialize
2026-06-06 17:36:10.027 T:2612     info <general>: Skipped 1 duplicate messages..
2026-06-06 17:36:10.026 T:2612    debug <general>: CXBMCApp::onReceive - Got intent. Action: android.intent.action.BATTERY_CHANGED
2026-06-06 17:39:10.012 T:2612    debug <general>: CXBMCApp::onReceive - Got intent. Action: android.intent.action.BATTERY_CHANGED
2026-06-06 17:39:45.443 T:4039    debug <general>: Thread Timer start, auto delete: false
2026-06-06 17:39:45.517 T:4039    debug <general>: Thread Timer 129061794016496 terminating
2026-06-06 17:39:45.542 T:2884    debug <general>: Activating window ID: 10004
2026-06-06 17:39:45.838 T:2884    debug <general>: ------ Window Deinit (Home.xml) ------
2026-06-06 17:39:45.839 T:2884    debug <general>: FreeVisualisation() done
2026-06-06 17:39:45.854 T:2884    debug <general>: ------ Window Init (Settings.xml) ------
2026-06-06 17:39:45.854 T:2884     info <general>: Loading skin file: Settings.xml, load type: KEEP_IN_MEMORY
2026-06-06 17:39:47.127 T:4040    debug <general>: Thread Timer start, auto delete: false
2026-06-06 17:39:47.273 T:4040    debug <general>: Thread Timer 129061794016496 terminating
2026-06-06 17:39:47.351 T:2884    debug <general>: Activating window ID: 10040
2026-06-06 17:39:47.655 T:2884    debug <general>: ------ Window Deinit (Settings.xml) ------
2026-06-06 17:39:47.656 T:2884    debug <general>: FreeVisualisation() done
2026-06-06 17:39:47.687 T:2884    debug <general>: ------ Window Init (AddonBrowser.xml) ------
2026-06-06 17:39:47.687 T:2884     info <general>: Loading skin file: AddonBrowser.xml, load type: KEEP_IN_MEMORY
2026-06-06 17:39:47.735 T:2884    debug <general>: CGUIMediaWindow::GetDirectory (addons://)
2026-06-06 17:39:47.736 T:2884    debug <general>:   ParentPath = []
2026-06-06 17:39:47.740 T:2884    debug <general>: CAddonDatabase: SELECT repo.id FROM repo .. took 0 ms
2026-06-06 17:39:47.755 T:2884    debug <general>: CAddonDatabase: query  SELECT addons.*, repo.addonID AS repoID FROM addons JOIN addonlinkrepo ON addons.id=addonlinkrepo.idAddon JOIN repo ON repo.id=addonlinkrepo.idRepo WHERE addonlinkrepo.idRepo IN (1,2,3) ORDER BY repo.addonID, addons.addonID returned 1072 rows in 15 ms
2026-06-06 17:39:47.879 T:2884    debug <general>: CAddonDatabase::GetAddons took 139 ms
2026-06-06 17:39:47.887 T:2884    debug <general>: CAddonMgr::GetAvailableUpdatesOrOutdatedAddons took 149 ms
2026-06-06 17:39:47.909 T:4041    debug <general>: Thread BackgroundLoader start, auto delete: false
2026-06-06 17:39:47.910 T:2884    debug <general>: [threads] name: 'BackgroundLoader' priority: '-9'
2026-06-06 17:39:47.912 T:4041    debug <general>: Thread BackgroundLoader 129061768740080 terminating
2026-06-06 17:39:48.834 T:4042    debug <general>: Thread Timer start, auto delete: false
2026-06-06 17:39:48.930 T:4042    debug <general>: Thread Timer 129061794016496 terminating
2026-06-06 17:39:49.009 T:2884     info <general>: Loading skin file: FileBrowser.xml, load type: KEEP_IN_MEMORY
2026-06-06 17:39:49.034 T:2884    debug <general>: ------ Window Init (FileBrowser.xml) ------
2026-06-06 17:39:51.716 T:4043    debug <general>: Thread Timer start, auto delete: false
2026-06-06 17:39:51.816 T:4043    debug <general>: Thread Timer 129061794016496 terminating
2026-06-06 17:39:51.889 T:2884    debug <general>: CurlFile::Open - <https://jaisimhaseelam.github.io/>
2026-06-06 17:39:51.890 T:2884    debug <general>: easy_acquire - Created session to https://jaisimhaseelam.github.io
2026-06-06 17:39:53.099 T:4048    debug <general>: Thread Timer start, auto delete: false
2026-06-06 17:39:53.183 T:4048    debug <general>: Thread Timer 129061794016496 terminating
2026-06-06 17:39:53.468 T:2884    debug <general>: ------ Window Deinit (FileBrowser.xml) ------
2026-06-06 17:39:53.480 T:2884    debug <general>: CAddonInstaller: installing from zip 'https://jaisimhaseelam.github.io/repository.movierulz-1.0.0.zip'
2026-06-06 17:39:53.664 T:2884    debug <general>: CurlFile::Open - <https://jaisimhaseelam.github.io/repository.movierulz-1.0.0.zip>
2026-06-06 17:39:53.696 T:2884    debug <general>: easy_acquire - Created session to https://jaisimhaseelam.github.io
2026-06-06 17:39:54.173 T:2884    debug <general>: CurlFile::CReadState::Connect - (0x75626df1a2b0) Resume from position 550
2026-06-06 17:39:54.193 T:2884    debug <general>: CurlFile::CReadState::Connect - (0x75626df29490) Resume from position 28
2026-06-06 17:39:54.217 T:2884    debug <general>: CurlFile::Open - <https://jaisimhaseelam.github.io/repository.movierulz-1.0.0.zip>
2026-06-06 17:39:54.242 T:4061    debug <general>: Thread JobWorker start, auto delete: true
2026-06-06 17:39:54.242 T:4061    debug <general>: [threads] name: 'JobWorker' priority: '-9'
2026-06-06 17:39:54.244 T:4061    debug <general>: CAddonDatabase: SELECT repo.id FROM repo .. took 0 ms
2026-06-06 17:39:54.266 T:4061    debug <general>: CAddonDatabase: query  SELECT addons.*, repo.addonID AS repoID FROM addons JOIN addonlinkrepo ON addons.id=addonlinkrepo.idAddon JOIN repo ON repo.id=addonlinkrepo.idRepo WHERE addonlinkrepo.idRepo IN (1,2,3) ORDER BY repo.addonID, addons.addonID returned 1072 rows in 21 ms
2026-06-06 17:39:54.416 T:4061    debug <general>: CAddonDatabase::GetAddons took 172 ms
2026-06-06 17:39:54.523 T:4061    debug <general>: Unpacking zip://https%3a%2f%2fjaisimhaseelam.github.io%2frepository.movierulz-1.0.0.zip/repository.movierulz/ to /storage/emulated/0/Android/data/org.xbmc.kodi/files/.kodi/addons/temp/4f31958c-91f6-4d58-b469-673471485b30
2026-06-06 17:39:54.525 T:4061    debug <general>: CurlFile::Open - <https://jaisimhaseelam.github.io/repository.movierulz-1.0.0.zip>
2026-06-06 17:39:54.573 T:4061    debug <general>: CAddonInfoBuilder::ParseXMLTypes: Binary addon found: screensaver.xbmc.builtin.dim
2026-06-06 17:39:54.586 T:4061    debug <general>: CAddonInfoBuilder::ParseXMLTypes: Binary addon found: audioencoder.kodi.builtin.aac
2026-06-06 17:39:54.622 T:4061    debug <general>: CAddonInfoBuilder::ParseXMLTypes: Binary addon found: screensaver.xbmc.builtin.black
2026-06-06 17:39:54.646 T:4061    debug <general>: CAddonInfoBuilder::ParseXMLTypes: Binary addon found: audioencoder.kodi.builtin.wma
2026-06-06 17:39:54.657 T:4061    debug <general>: CAddonInfoBuilder::ParseXMLTypes: Binary addon found: peripheral.joystick
2026-06-06 17:39:54.661 T:4061    debug <general>: CAddonMgr::FindAddons: Addon 'metadata.generic.albums' already present with version 1.0.14 at '/data/user/0/org.xbmc.kodi/cache/apk/assets/addons/metadata.generic.albums/' replaced with version 1.0.18 at '/storage/emulated/0/Android/data/org.xbmc.kodi/files/.kodi/addons/metadata.generic.albums/'
2026-06-06 17:39:54.663 T:4061    debug <general>: CAddonMgr::FindAddons: Addon 'metadata.tvshows.themoviedb.org.python' already present with version 1.6.0 at '/data/user/0/org.xbmc.kodi/cache/apk/assets/addons/metadata.tvshows.themoviedb.org.python/' replaced with version 1.7.6 at '/storage/emulated/0/Android/data/org.xbmc.kodi/files/.kodi/addons/metadata.tvshows.themoviedb.org.python/'
2026-06-06 17:39:54.667 T:4061    debug <general>: CAddonMgr::FindAddons: Addon 'metadata.artists.universal' already present with version 4.3.3 at '/data/user/0/org.xbmc.kodi/cache/apk/assets/addons/metadata.artists.universal/' replaced with version 4.3.21 at '/storage/emulated/0/Android/data/org.xbmc.kodi/files/.kodi/addons/metadata.artists.universal/'
2026-06-06 17:39:54.669 T:4061    debug <general>: CAddonMgr::FindAddons: Addon 'service.xbmc.versioncheck' already present with version 0.5.27+matrix.1 at '/data/user/0/org.xbmc.kodi/cache/apk/assets/addons/service.xbmc.versioncheck/' replaced with version 0.5.30+matrix.1 at '/storage/emulated/0/Android/data/org.xbmc.kodi/files/.kodi/addons/service.xbmc.versioncheck/'
2026-06-06 17:39:54.673 T:4061    debug <general>: CAddonMgr::FindAddons: Addon 'metadata.common.fanart.tv' already present with version 3.6.3 at '/data/user/0/org.xbmc.kodi/cache/apk/assets/addons/metadata.common.fanart.tv/' replaced with version 3.6.5 at '/storage/emulated/0/Android/data/org.xbmc.kodi/files/.kodi/addons/metadata.common.fanart.tv/'
2026-06-06 17:39:54.678 T:4061    debug <general>: CAddonMgr::FindAddons: Addon 'game.controller.snes' already present with version 1.0.40 at '/data/user/0/org.xbmc.kodi/cache/apk/assets/addons/game.controller.snes/' replaced with version 1.0.43 at '/storage/emulated/0/Android/data/org.xbmc.kodi/files/.kodi/addons/game.controller.snes/'
2026-06-06 17:39:54.683 T:4061    debug <general>: CAddonMgr::FindAddons: Addon 'metadata.themoviedb.org.python' already present with version 1.3.1+matrix.1 at '/data/user/0/org.xbmc.kodi/cache/apk/assets/addons/metadata.themoviedb.org.python/' replaced with version 3.2.0 at '/storage/emulated/0/Android/data/org.xbmc.kodi/files/.kodi/addons/metadata.themoviedb.org.python/'
2026-06-06 17:39:54.691 T:4061    debug <general>: CAddonMgr::FindAddons: Addon 'metadata.album.universal' already present with version 3.1.4 at '/data/user/0/org.xbmc.kodi/cache/apk/assets/addons/metadata.album.universal/' replaced with version 3.1.18 at '/storage/emulated/0/Android/data/org.xbmc.kodi/files/.kodi/addons/metadata.album.universal/'
2026-06-06 17:39:54.708 T:4061    debug <general>: CAddonInfoBuilder::ParseXMLTypes: Binary addon found: peripheral.joystick
2026-06-06 17:39:54.709 T:4061    debug <general>: CAddonMgr::FindAddons: Addon 'peripheral.joystick' already present with version 21.1.22 at '/data/user/0/org.xbmc.kodi/cache/apk/assets/addons/peripheral.joystick/' replaced with version 21.1.23 at '/storage/emulated/0/Android/data/org.xbmc.kodi/files/.kodi/addons/peripheral.joystick/'
2026-06-06 17:39:54.710 T:4061     info <general>: CAddonMgr::FindAddon: repository.movierulz v1.0.0 installed
2026-06-06 17:39:54.715 T:4066    debug <general>: Thread JobWorker start, auto delete: true
2026-06-06 17:39:54.715 T:4066    debug <general>: [threads] name: 'JobWorker' priority: '-9'
2026-06-06 17:39:54.716 T:4061    debug <general>: CAddonMgr: repository.movierulz successfully loaded
2026-06-06 17:39:54.716 T:4066    debug <general>: ContextMenuManager: addon menus reloaded.
2026-06-06 17:39:54.725 T:4061    debug <general>: CAddonMgr::GetCompatibleVersions took 3 ms
2026-06-06 17:39:54.726 T:2884    debug <general>: CGUIMediaWindow::GetDirectory (addons://)
2026-06-06 17:39:54.726 T:2884    debug <general>:   ParentPath = [addons://]
2026-06-06 17:39:54.726 T:4067    debug <general>: Thread waiting start, auto delete: false
2026-06-06 17:39:54.727 T:4061    debug <general>: ADDONS: pinned Addon: [repository.movierulz] Origin: [repository.movierulz] Version: [1.0.0]
2026-06-06 17:39:54.827 T:2884    debug <general>: ------ Window Init (DialogBusy.xml) ------
2026-06-06 17:39:54.830 T:4067    debug <general>: CAddonDatabase: SELECT repo.id FROM repo .. took 0 ms
2026-06-06 17:39:54.832 T:2884  warning <general>: CGUIMediaWindow::OnMessage - updating in progress
2026-06-06 17:39:54.834 T:2884    debug <general>: ------ Window Init (DialogNotification.xml) ------
2026-06-06 17:39:54.845 T:4067    debug <general>: CAddonDatabase: query  SELECT addons.*, repo.addonID AS repoID FROM addons JOIN addonlinkrepo ON addons.id=addonlinkrepo.idAddon JOIN repo ON repo.id=addonlinkrepo.idRepo WHERE addonlinkrepo.idRepo IN (1,2,3) ORDER BY repo.addonID, addons.addonID returned 1072 rows in 15 ms
2026-06-06 17:39:55.024 T:4067    debug <general>: CAddonDatabase::GetAddons took 194 ms
2026-06-06 17:39:55.043 T:4067    debug <general>: CAddonMgr::GetAvailableUpdatesOrOutdatedAddons took 316 ms
2026-06-06 17:39:55.062 T:4067    debug <general>: Thread waiting 129061642198256 terminating
2026-06-06 17:39:55.070 T:2884    debug <general>: ------ Window Deinit (DialogBusy.xml) ------
2026-06-06 17:39:55.090 T:4068    debug <general>: Thread BackgroundLoader start, auto delete: false
2026-06-06 17:39:55.090 T:2884    debug <general>: [threads] name: 'BackgroundLoader' priority: '-9'
2026-06-06 17:39:55.093 T:4068    debug <general>: Thread BackgroundLoader 129061643255024 terminating
2026-06-06 17:39:59.028 T:2878    debug <general>: CAndroidKey: key down (dev: 3; src: 257; code: 4 (AKEYCODE_BACK); repeat: 0; flags: 0x8; alt: no; shift: no; sym: no)
2026-06-06 17:39:59.035 T:2878    debug <general>: CAndroidKey: key up (dev: 3; src: 257; code: 4 (AKEYCODE_BACK); repeat: 0; flags: 0x8; alt: no; shift: no; sym: no)
2026-06-06 17:39:59.041 T:2884    debug <general>: Keyboard: scancode: 0x4, sym: 0x08 (backspace), unicode: 0x00, modifier: 0x0
2026-06-06 17:39:59.042 T:2884     info <general>: Loading controller layout: /data/user/0/org.xbmc.kodi/cache/apk/assets/addons/game.controller.keyboard/resources/layout.xml
2026-06-06 17:39:59.052 T:2884    debug <general>: HandleKey: backspace (0xf008) pressed, window 10040, action is Back
2026-06-06 17:39:59.053 T:2884    debug <general>: CGUIWindowManager::PreviousWindow: Deactivate
2026-06-06 17:39:59.053 T:3266     info <general>: CActiveAESink::OpenSink - initialize sink
2026-06-06 17:39:59.053 T:3266    debug <general>: CActiveAESink::OpenSink - trying to open device AUDIOTRACK:AudioTrack (RAW)
2026-06-06 17:39:59.055 T:3266    debug <general>: CAESinkAUDIOTRACK::Initialize requested: sampleRate 44100; format: AE_FMT_FLOAT; channels: 2
2026-06-06 17:39:59.055 T:3266    debug <general>: Updated SampleRate: 32000 Distance: 108900
2026-06-06 17:39:59.055 T:3266    debug <general>: Updated SampleRate: 44100 Distance: 0
2026-06-06 17:39:59.055 T:3266     info <general>: Trying to open: samplerate: 44100, channelMask: 12, encoding: 4
2026-06-06 17:39:59.058 T:3266     info <general>: Minimum size we need for stream: 22656 Bytes
2026-06-06 17:39:59.058 T:3266     info <general>: Audiotrack buffer params are: period time = 32.109 ms, period size = 11328 bytes, num periods = 4
2026-06-06 17:39:59.058 T:3266     info <general>: Created Audiotrackbuffer with playing time of 128.435374 ms min buffer size: 45312 bytes
2026-06-06 17:39:59.076 T:3266     info <general>: CAESinkAUDIOTRACK::Initializing with: m_sampleRate: 44100 format: AE_FMT_FLOAT (AE) method: PCM stream-type: PCM-STREAM min_buffer_size: 45312 m_frames: 1416 m_frameSize: 8 channels: 2
2026-06-06 17:39:59.076 T:3266    debug <general>: CActiveAESink::OpenSink - AUDIOTRACK Initialized:
2026-06-06 17:39:59.076 T:3266    debug <general>:   Output Device : AudioTrack (RAW)
2026-06-06 17:39:59.076 T:3266    debug <general>:   Sample Rate   : 44100
2026-06-06 17:39:59.076 T:3266    debug <general>:   Sample Format : AE_FMT_FLOAT
2026-06-06 17:39:59.076 T:3266    debug <general>:   Channel Count : 2
2026-06-06 17:39:59.076 T:3266    debug <general>:   Channel Layout: FL, FR
2026-06-06 17:39:59.076 T:3266    debug <general>:   Frames        : 1416
2026-06-06 17:39:59.076 T:3266    debug <general>:   Frame Size    : 8
2026-06-06 17:39:59.083 T:3266    debug <general>: Could not acquire timestamp
2026-06-06 17:39:59.342 T:2884    debug <general>: ------ Window Deinit (AddonBrowser.xml) ------
2026-06-06 17:39:59.343 T:2884    debug <general>: FreeVisualisation() done
2026-06-06 17:39:59.353 T:2884    debug <general>: CGUIWindowManager::PreviousWindow: Activate new
2026-06-06 17:39:59.353 T:2884    debug <general>: ------ Window Init (Settings.xml) ------
2026-06-06 17:39:59.356 T:2884    debug <general>: Keyboard: scancode: 0x4, sym: 0x08 (backspace), unicode: 0x00, modifier: 0x0
2026-06-06 17:40:00.428 T:2884    debug <general>: ------ Window Deinit (DialogNotification.xml) ------
2026-06-06 17:40:00.502 T:4070    debug <general>: Thread Timer start, auto delete: false
2026-06-06 17:40:00.610 T:4070    debug <general>: Thread Timer 129061768740080 terminating
2026-06-06 17:40:00.670 T:2884    debug <general>: Activating window ID: 10040
2026-06-06 17:40:00.975 T:2884    debug <general>: ------ Window Deinit (Settings.xml) ------
2026-06-06 17:40:00.976 T:2884    debug <general>: FreeVisualisation() done
2026-06-06 17:40:01.001 T:2884    debug <general>: ------ Window Init (AddonBrowser.xml) ------
2026-06-06 17:40:01.005 T:2884    debug <general>: CGUIMediaWindow::GetDirectory (addons://)
2026-06-06 17:40:01.005 T:2884    debug <general>:   ParentPath = [addons://]
2026-06-06 17:40:01.008 T:2884    debug <general>: CAddonDatabase: SELECT repo.id FROM repo .. took 0 ms
2026-06-06 17:40:01.021 T:2884    debug <general>: CAddonDatabase: query  SELECT addons.*, repo.addonID AS repoID FROM addons JOIN addonlinkrepo ON addons.id=addonlinkrepo.idAddon JOIN repo ON repo.id=addonlinkrepo.idRepo WHERE addonlinkrepo.idRepo IN (1,2,3) ORDER BY repo.addonID, addons.addonID returned 1072 rows in 13 ms
2026-06-06 17:40:01.155 T:2884    debug <general>: CAddonDatabase::GetAddons took 146 ms
2026-06-06 17:40:01.164 T:2884    debug <general>: CAddonMgr::GetAvailableUpdatesOrOutdatedAddons took 158 ms
2026-06-06 17:40:01.181 T:4071    debug <general>: Thread BackgroundLoader start, auto delete: false
2026-06-06 17:40:01.182 T:2884    debug <general>: [threads] name: 'BackgroundLoader' priority: '-9'
2026-06-06 17:40:01.183 T:4071    debug <general>: Thread BackgroundLoader 129061643255024 terminating
2026-06-06 17:40:02.141 T:4072    debug <general>: Thread Timer start, auto delete: false
2026-06-06 17:40:02.182 T:4072    debug <general>: Thread Timer 129061790772464 terminating
2026-06-06 17:40:02.204 T:2884    debug <general>: CGUIMediaWindow::GetDirectory (addons://repos/)
2026-06-06 17:40:02.204 T:2884    debug <general>:   ParentPath = []
2026-06-06 17:40:02.204 T:4073    debug <general>: Thread waiting start, auto delete: false
2026-06-06 17:40:02.205 T:4073    debug <general>: Thread waiting 129061762190576 terminating
2026-06-06 17:40:02.210 T:4074    debug <general>: Thread BackgroundLoader start, auto delete: false
2026-06-06 17:40:02.211 T:2884    debug <general>: [threads] name: 'BackgroundLoader' priority: '-9'
2026-06-06 17:40:02.215 T:4074    debug <general>: Thread BackgroundLoader 129061762190576 terminating
2026-06-06 17:40:04.347 T:4075    debug <general>: Thread Timer start, auto delete: false
2026-06-06 17:40:04.420 T:4075    debug <general>: Thread Timer 129061790772464 terminating
2026-06-06 17:40:04.495 T:2884    debug <general>: CGUIMediaWindow::GetDirectory (addons://repository.movierulz/)
2026-06-06 17:40:04.496 T:2884    debug <general>:   ParentPath = [addons://repos/]
2026-06-06 17:40:04.496 T:4076    debug <general>: Thread waiting start, auto delete: false
2026-06-06 17:40:04.500 T:4076    debug <general>: CAddonDatabase: SELECT repo.id FROM repo .. took 0 ms
2026-06-06 17:40:04.500 T:4076    debug <general>: CAddonDatabase: no valid repository matching 'repository.movierulz'
2026-06-06 17:40:04.500 T:4061    debug <general>: CRepositoryUpdateJob[repository.movierulz] checking for updates.
2026-06-06 17:40:04.503 T:4061    debug <general>: CurlFile::Open - <https://raw.githubusercontent.com/JaisimhaSeelam/movierulz-kodi-repo/main/addons.xml.md5>
2026-06-06 17:40:04.504 T:4061    debug <general>: easy_acquire - Created session to https://raw.githubusercontent.com
2026-06-06 17:40:04.596 T:2884    debug <general>: ------ Window Init (DialogBusy.xml) ------
2026-06-06 17:40:04.932 T:4061    debug <general>: CurlFile::Open - <https://raw.githubusercontent.com/JaisimhaSeelam/movierulz-kodi-repo/main/addons.xml>
2026-06-06 17:40:05.065 T:4061    debug <general>: CRepositoryUpdater: done.
2026-06-06 17:40:05.066 T:4076    debug <general>: CAddonDatabase: SELECT repo.id FROM repo .. took 0 ms
2026-06-06 17:40:05.067 T:4076    debug <general>: CAddonDatabase: query  SELECT addons.*, repo.addonID AS repoID FROM addons JOIN addonlinkrepo ON addons.id=addonlinkrepo.idAddon JOIN repo ON repo.id=addonlinkrepo.idRepo WHERE addonlinkrepo.idRepo IN (4) ORDER BY repo.addonID, addons.addonID returned 2 rows in 1 ms
2026-06-06 17:40:05.068 T:4061    debug <general>: CAddonDatabase: SELECT repo.id FROM repo .. took 0 ms
2026-06-06 17:40:05.068 T:4076    debug <general>: CAddonDatabase::GetAddons took 1 ms
2026-06-06 17:40:05.069 T:2884    debug <general>: ------ Window Deinit (DialogBusy.xml) ------
2026-06-06 17:40:05.069 T:4076    debug <general>: Thread waiting 129061754830064 terminating
2026-06-06 17:40:05.081 T:4081    debug <general>: Thread BackgroundLoader start, auto delete: false
2026-06-06 17:40:05.082 T:2884    debug <general>: [threads] name: 'BackgroundLoader' priority: '-9'
2026-06-06 17:40:05.083 T:4081    debug <general>: Thread BackgroundLoader 129061762190576 terminating
2026-06-06 17:40:05.085 T:4061    debug <general>: CAddonDatabase: query  SELECT addons.*, repo.addonID AS repoID FROM addons JOIN addonlinkrepo ON addons.id=addonlinkrepo.idAddon JOIN repo ON repo.id=addonlinkrepo.idRepo WHERE addonlinkrepo.idRepo IN (1,2,3,4) ORDER BY repo.addonID, addons.addonID returned 1074 rows in 16 ms
2026-06-06 17:40:05.327 T:4061    debug <general>: CAddonDatabase::GetAddons took 259 ms
2026-06-06 17:40:05.346 T:4061    debug <general>: CAddonMgr::GetAvailableUpdatesOrOutdatedAddons took 280 ms
2026-06-06 17:40:05.362 T:4061    debug <general>: CAddonDatabase: SELECT repo.id FROM repo .. took 0 ms
2026-06-06 17:40:05.375 T:4061    debug <general>: CAddonDatabase: query  SELECT addons.*, repo.addonID AS repoID FROM addons JOIN addonlinkrepo ON addons.id=addonlinkrepo.idAddon JOIN repo ON repo.id=addonlinkrepo.idRepo WHERE addonlinkrepo.idRepo IN (1,2,3,4) ORDER BY repo.addonID, addons.addonID returned 1074 rows in 12 ms
2026-06-06 17:40:05.550 T:4061    debug <general>: CAddonDatabase::GetAddons took 187 ms
2026-06-06 17:40:05.566 T:4061    debug <general>: CAddonMgr::GetAvailableUpdatesOrOutdatedAddons took 206 ms
2026-06-06 17:40:05.586 T:3434    debug <general>: Thread Timer 129061682167024 terminating
2026-06-06 17:40:05.592 T:4061    debug <general>: CRepositoryUpdater: closest next update check at 06/06/2026 9:46:33 PM (in 14788 s)
2026-06-06 17:40:05.593 T:4061    debug <general>: CRepositoryUpdater: checking in 14788000 ms
2026-06-06 17:40:05.592 T:4082    debug <general>: Thread Timer start, auto delete: false
2026-06-06 17:40:05.608 T:2884    debug <general>: CGUIMediaWindow::GetDirectory (addons://repository.movierulz/)
2026-06-06 17:40:05.608 T:2884    debug <general>:   ParentPath = [addons://repository.movierulz/]
2026-06-06 17:40:05.609 T:4083    debug <general>: Thread waiting start, auto delete: false
2026-06-06 17:40:05.611 T:4083    debug <general>: CAddonDatabase: SELECT repo.id FROM repo .. took 0 ms
2026-06-06 17:40:05.612 T:4083    debug <general>: CAddonDatabase: query  SELECT addons.*, repo.addonID AS repoID FROM addons JOIN addonlinkrepo ON addons.id=addonlinkrepo.idAddon JOIN repo ON repo.id=addonlinkrepo.idRepo WHERE addonlinkrepo.idRepo IN (4) ORDER BY repo.addonID, addons.addonID returned 2 rows in 1 ms
2026-06-06 17:40:05.614 T:4083    debug <general>: CAddonDatabase::GetAddons took 2 ms
2026-06-06 17:40:05.615 T:4083    debug <general>: Thread waiting 129061744565488 terminating
2026-06-06 17:40:05.623 T:4084    debug <general>: Thread BackgroundLoader start, auto delete: false
2026-06-06 17:40:05.624 T:2884    debug <general>: [threads] name: 'BackgroundLoader' priority: '-9'
2026-06-06 17:40:05.628 T:4084    debug <general>: Thread BackgroundLoader 129061745622256 terminating
2026-06-06 17:40:10.148 T:4085    debug <general>: Thread Timer start, auto delete: false
2026-06-06 17:40:10.195 T:4085    debug <general>: Thread Timer 129061762190576 terminating
2026-06-06 17:40:10.357 T:4086    debug <general>: Thread Timer start, auto delete: false
2026-06-06 17:40:10.596 T:4086    debug <general>: Thread Timer 129061762190576 terminating
2026-06-06 17:40:11.493 T:2884    debug <general>: CGUIMediaWindow::GetDirectory (addons://repository.movierulz/xbmc.addon.video)
2026-06-06 17:40:11.494 T:2884    debug <general>:   ParentPath = [addons://repository.movierulz/]
2026-06-06 17:40:11.515 T:4089    debug <general>: Thread waiting start, auto delete: false
2026-06-06 17:40:11.637 T:2884    debug <general>: ------ Window Init (DialogBusy.xml) ------
2026-06-06 17:40:12.151 T:4088    debug <general>: Thread Timer start, auto delete: false
2026-06-06 17:40:12.263 T:4089    debug <general>: CAddonDatabase: SELECT repo.id FROM repo .. took 40 ms
2026-06-06 17:40:12.316 T:4089    debug <general>: CAddonDatabase: query  SELECT addons.*, repo.addonID AS repoID FROM addons JOIN addonlinkrepo ON addons.id=addonlinkrepo.idAddon JOIN repo ON repo.id=addonlinkrepo.idRepo WHERE addonlinkrepo.idRepo IN (4) ORDER BY repo.addonID, addons.addonID returned 2 rows in 51 ms
2026-06-06 17:40:12.336 T:4089    debug <general>: CAddonDatabase::GetAddons took 70 ms
2026-06-06 17:40:12.446 T:4088    debug <general>: Thread Timer 129061762190576 terminating
2026-06-06 17:40:12.508 T:4089    debug <general>: CAddonDatabase: SELECT repo.id FROM repo .. took 11 ms
2026-06-06 17:40:14.872 T:4090    debug <general>: Thread Timer start, auto delete: false
2026-06-06 17:40:14.900 T:4090    debug <general>: Thread Timer 129061762190576 terminating
2026-06-06 17:40:14.998 T:4091    debug <general>: Thread Timer start, auto delete: false
2026-06-06 17:40:15.254 T:4089    debug <general>: CAddonDatabase: query  SELECT addons.*, repo.addonID AS repoID FROM addons JOIN addonlinkrepo ON addons.id=addonlinkrepo.idAddon JOIN repo ON repo.id=addonlinkrepo.idRepo WHERE addonlinkrepo.idRepo IN (1,2,3,4) ORDER BY repo.addonID, addons.addonID returned 1074 rows in 2701 ms
2026-06-06 17:40:15.500 T:4091    debug <general>: Thread Timer 129061762190576 terminating
2026-06-06 17:40:15.821 T:4092    debug <general>: Thread Timer start, auto delete: false
2026-06-06 17:40:15.842 T:4092    debug <general>: Thread Timer 129061762190576 terminating
2026-06-06 17:40:16.232 T:4093    debug <general>: Thread Timer start, auto delete: false
2026-06-06 17:40:16.244 T:4093    debug <general>: Thread Timer 129061762190576 terminating
2026-06-06 17:40:24.629 T:2884    debug <general>: CheckIdle - Closing session to https://jaisimhaseelam.github.io (easy=0x75632dea99c0, multi=0x7562adf3b0d0)
2026-06-06 17:40:25.648 T:2884    debug <general>: CheckIdle - Closing session to https://jaisimhaseelam.github.io (easy=0x75632ded5110, multi=0x7562adfa1330)
2026-06-06 17:40:32.138 T:4089    debug <general>: CAddonDatabase::GetAddons took 19585 ms
2026-06-06 17:40:32.639 T:4089    debug <general>: CAddonMgr::GetAddonsWithAvailableUpdate took 20218 ms
2026-06-06 17:40:33.000 T:4089    debug <general>: Thread waiting 129061735099632 terminating
2026-06-06 17:40:33.781 T:2884    debug <general>: ------ Window Deinit (DialogBusy.xml) ------
2026-06-06 17:40:34.418 T:4094    debug <general>: Thread BackgroundLoader start, auto delete: false
2026-06-06 17:40:35.485 T:2884    debug <general>: [threads] name: 'BackgroundLoader' priority: '-9'
2026-06-06 17:40:35.512 T:2884    debug <general>: CheckIdle - Closing session to https://raw.githubusercontent.com (easy=0x75632ded6ce0, multi=0x7562adfdb670)
2026-06-06 17:40:35.598 T:4061    debug <general>: Thread JobWorker 129061652602096 terminating (autodelete)
2026-06-06 17:40:35.848 T:4066    debug <general>: Thread JobWorker 129061647330544 terminating (autodelete)
2026-06-06 17:40:36.129 T:4094    debug <general>: Thread BackgroundLoader 129061745622256 terminating
2026-06-06 17:40:59.475 T:3266    debug <general>: Draining Audio
2026-06-06 17:41:09.494 T:3266    debug <general>: CAESinkAUDIOTRACK::Deinitialize
2026-06-06 17:41:10.103 T:2612     info <general>: Skipped 1 duplicate messages..
2026-06-06 17:41:10.103 T:2612    debug <general>: CXBMCApp::onReceive - Got intent. Action: android.intent.action.BATTERY_CHANGED
2026-06-06 17:41:30.176 T:4097    debug <general>: Thread Timer start, auto delete: false
2026-06-06 17:41:30.284 T:4097    debug <general>: Thread Timer 129061790772464 terminating
2026-06-06 17:41:30.362 T:2884    debug <general>: ------ Window Init (DialogAddonInfo.xml) ------
2026-06-06 17:41:30.363 T:2884     info <general>: Loading skin file: DialogAddonInfo.xml, load type: KEEP_IN_MEMORY
2026-06-06 17:41:34.278 T:4098    debug <general>: Thread Timer start, auto delete: false
2026-06-06 17:41:34.324 T:4098    debug <general>: Thread Timer 129061790772464 terminating
2026-06-06 17:41:34.388 T:2884    debug <general>: CAddonInstaller: installing 'plugin.video.movierulz' version '1.0.0' from repository 'repository.movierulz'
2026-06-06 17:41:34.411 T:4099    debug <general>: Thread JobWorker start, auto delete: true
2026-06-06 17:41:34.412 T:4099    debug <general>: [threads] name: 'JobWorker' priority: '-9'
2026-06-06 17:41:34.452 T:4099    debug <general>: easy_acquire - Created session to https://raw.githubusercontent.com
2026-06-06 17:41:34.792 T:2884    debug <general>: ------ Window Deinit (DialogAddonInfo.xml) ------
2026-06-06 17:41:35.390 T:4099    debug <general>: CurlFile::Open - <https://raw.githubusercontent.com/JaisimhaSeelam/movierulz-kodi-repo/main/plugin.video.movierulz/plugin.video.movierulz-1.0.0.zip>
2026-06-06 17:41:36.495 T:4099    error <general>: CCurlFile::Open - <https://raw.githubusercontent.com/JaisimhaSeelam/movierulz-kodi-repo/main/plugin.video.movierulz/plugin.video.movierulz-1.0.0.zip> Failed with code 404:
                                                   
2026-06-06 17:41:36.499 T:4099    error <general>: CAddonInstallJob[plugin.video.movierulz]: failed to download special://home/addons/packages/plugin.video.movierulz-1.0.0.zip
2026-06-06 17:41:36.555 T:2884    debug <general>: ------ Window Init (DialogNotification.xml) ------
2026-06-06 17:41:36.676 T:2884    debug <general>: CGUIMediaWindow::GetDirectory (addons://repository.movierulz/xbmc.addon.video)
2026-06-06 17:41:36.677 T:2884    debug <general>:   ParentPath = [addons://repository.movierulz/xbmc.addon.video]
2026-06-06 17:41:36.685 T:4108    debug <general>: Thread waiting start, auto delete: false
2026-06-06 17:41:36.727 T:4108    debug <general>: CAddonDatabase: SELECT repo.id FROM repo .. took 4 ms
2026-06-06 17:41:36.739 T:4108    debug <general>: CAddonDatabase: query  SELECT addons.*, repo.addonID AS repoID FROM addons JOIN addonlinkrepo ON addons.id=addonlinkrepo.idAddon JOIN repo ON repo.id=addonlinkrepo.idRepo WHERE addonlinkrepo.idRepo IN (4) ORDER BY repo.addonID, addons.addonID returned 2 rows in 10 ms
2026-06-06 17:41:36.744 T:4108    debug <general>: CAddonDatabase::GetAddons took 15 ms
2026-06-06 17:41:36.776 T:4108    debug <general>: CAddonDatabase: SELECT repo.id FROM repo .. took 8 ms
2026-06-06 17:41:36.789 T:2884    debug <general>: ------ Window Init (DialogBusy.xml) ------
2026-06-06 17:41:36.927 T:4108    debug <general>: CAddonDatabase: query  SELECT addons.*, repo.addonID AS repoID FROM addons JOIN addonlinkrepo ON addons.id=addonlinkrepo.idAddon JOIN repo ON repo.id=addonlinkrepo.idRepo WHERE addonlinkrepo.idRepo IN (1,2,3,4) ORDER BY repo.addonID, addons.addonID returned 1074 rows in 149 ms
2026-06-06 17:41:39.018 T:4108    debug <general>: CAddonDatabase::GetAddons took 2240 ms
2026-06-06 17:41:39.131 T:4108    debug <general>: CAddonMgr::GetAddonsWithAvailableUpdate took 2383 ms
2026-06-06 17:41:39.205 T:4108    debug <general>: Thread waiting 129061713308912 terminating
2026-06-06 17:41:39.217 T:2884    debug <general>: ------ Window Deinit (DialogBusy.xml) ------
2026-06-06 17:41:39.274 T:4109    debug <general>: Thread BackgroundLoader start, auto delete: false
2026-06-06 17:41:39.291 T:2884    debug <general>: [threads] name: 'BackgroundLoader' priority: '-9'
2026-06-06 17:41:39.304 T:4109    debug <general>: Thread BackgroundLoader 129061717388528 terminating
2026-06-06 17:41:42.441 T:2884    debug <general>: ------ Window Deinit (DialogNotification.xml) ------
2026-06-06 17:42:06.590 T:4099    debug <general>: Thread JobWorker 129061715426544 terminating (autodelete)
2026-06-06 17:42:06.644 T:2884    debug <general>: CheckIdle - Closing session to https://raw.githubusercontent.com (easy=0x75632de967d0, multi=0x7562adfd3650)
2026-06-06 17:42:32.216 T:2878    debug <general>: virtual void CXBMCApp::onPause(): 
2026-06-06 17:42:32.225 T:2878    debug <general>: void CXBMCApp::KeepScreenOn(bool): false
2026-06-06 17:42:32.314 T:2878    debug <general>: virtual void CXBMCApp::onLostFocus(): 
2026-06-06 17:42:34.923 T:2612    debug <general>: Input device removed: 4
2026-06-06 17:42:34.945 T:2612  warning <general>: CPeripheralBusAndroid: failed to remove input device with ID 4 because it couldn't be found
2026-06-06 17:42:34.946 T:2612    debug <general>: Input device added: 4
2026-06-06 17:42:34.958 T:2612    debug <general>: CPeripheralBusAndroid: Device added:
2026-06-06 17:42:34.959 T:2612    debug <general>:   Name: "Xiaomi Joystick"
2026-06-06 17:42:34.959 T:2612    debug <general>:     ID: 4
2026-06-06 17:42:34.959 T:2612    debug <general>:     Controller number: 1
2026-06-06 17:42:34.960 T:2612    debug <general>:     Descriptor: "1d224f0a9f4437..."
2026-06-06 17:42:34.960 T:2612    debug <general>:     Product ID: 0002
2026-06-06 17:42:34.961 T:2612    debug <general>:     Vendor ID: 1235
2026-06-06 17:42:34.963 T:2612    debug <general>:     Has microphone: false
2026-06-06 17:42:34.963 T:2612    debug <general>:     Is virtual: false
2026-06-06 17:42:34.964 T:2612    debug <general>:     Source flags: 0x000003
2026-06-06 17:42:34.985 T:2612    debug <general>:     Has key: AKEYCODE_DPAD_UP (19)
2026-06-06 17:42:34.987 T:2612    debug <general>:     Has key: AKEYCODE_DPAD_DOWN (20)
2026-06-06 17:42:34.987 T:2612    debug <general>:     Has key: AKEYCODE_DPAD_LEFT (21)
2026-06-06 17:42:34.987 T:2612    debug <general>:     Has key: AKEYCODE_DPAD_RIGHT (22)
2026-06-06 17:42:34.987 T:2612    debug <general>:     Has key: AKEYCODE_DPAD_CENTER (23)
2026-06-06 17:42:34.987 T:2612    debug <general>:     Has key: AKEYCODE_BUTTON_A (96)
2026-06-06 17:42:34.987 T:2612    debug <general>:     Has key: AKEYCODE_BUTTON_B (97)
2026-06-06 17:42:34.987 T:2612    debug <general>:     Has key: AKEYCODE_BUTTON_C (98)
2026-06-06 17:42:34.987 T:2612    debug <general>:     Has key: AKEYCODE_BUTTON_X (99)
2026-06-06 17:42:34.987 T:2612    debug <general>:     Has key: AKEYCODE_BUTTON_Y (100)
2026-06-06 17:42:34.989 T:2612    debug <general>:     Has key: AKEYCODE_BUTTON_Z (101)
2026-06-06 17:42:34.989 T:2612    debug <general>:     Has key: AKEYCODE_BUTTON_L1 (102)
2026-06-06 17:42:34.989 T:2612    debug <general>:     Has key: AKEYCODE_BUTTON_R1 (103)
2026-06-06 17:42:34.989 T:2612    debug <general>:     Has key: AKEYCODE_BUTTON_L2 (104)
2026-06-06 17:42:34.990 T:2612    debug <general>:     Has key: AKEYCODE_BUTTON_R2 (105)
2026-06-06 17:42:34.990 T:2612    debug <general>:     Has key: AKEYCODE_BUTTON_THUMBL (106)
2026-06-06 17:42:34.990 T:2612    debug <general>:     Has key: AKEYCODE_BUTTON_THUMBR (107)
2026-06-06 17:42:34.990 T:2612    debug <general>:     Has key: AKEYCODE_BUTTON_START (108)
2026-06-06 17:42:34.990 T:2612    debug <general>:     Has key: AKEYCODE_BUTTON_SELECT (109)
2026-06-06 17:42:34.991 T:2612    debug <general>:     Has key: AKEYCODE_BUTTON_MODE (110)
2026-06-06 17:42:34.991 T:2612    debug <general>:     Has key: AKEYCODE_BUTTON_1 (188)
2026-06-06 17:42:34.991 T:2612    debug <general>:     Has key: AKEYCODE_BUTTON_2 (189)
2026-06-06 17:42:34.991 T:2612    debug <general>:     Has key: AKEYCODE_BUTTON_3 (190)
2026-06-06 17:42:34.991 T:2612    debug <general>:     Has key: AKEYCODE_BUTTON_4 (191)
2026-06-06 17:42:34.991 T:2612    debug <general>:     Has key: AKEYCODE_BUTTON_5 (192)
2026-06-06 17:42:34.991 T:2612    debug <general>:     Has key: AKEYCODE_BUTTON_6 (193)
2026-06-06 17:42:34.991 T:2612    debug <general>:     Has key: AKEYCODE_BUTTON_7 (194)
2026-06-06 17:42:34.991 T:2612    debug <general>:     Has key: AKEYCODE_BUTTON_8 (195)
2026-06-06 17:42:34.991 T:2612    debug <general>:     Has key: AKEYCODE_BUTTON_9 (196)
2026-06-06 17:42:34.992 T:2612    debug <general>:     Has key: AKEYCODE_BUTTON_10 (197)
2026-06-06 17:42:34.993 T:2612    debug <general>:     Has axis: AMOTION_EVENT_AXIS_X (0)
2026-06-06 17:42:35.005 T:2612    debug <general>:       Endpoints: [0.000000, 1599.000000]
2026-06-06 17:42:35.006 T:2612    debug <general>:       Center: 0.000000
2026-06-06 17:42:35.006 T:2612    debug <general>:       Fuzz: 0.000000
2026-06-06 17:42:35.008 T:2612    debug <general>:     Has axis: AMOTION_EVENT_AXIS_Y (1)
2026-06-06 17:42:35.011 T:2612    debug <general>:       Endpoints: [0.000000, 899.000000]
2026-06-06 17:42:35.011 T:2612    debug <general>:       Center: 0.000000
2026-06-06 17:42:35.011 T:2612    debug <general>:       Fuzz: 0.000000
2026-06-06 17:42:35.012 T:2612    debug <general>:     Has axis: AMOTION_EVENT_AXIS_PRESSURE (2)
2026-06-06 17:42:35.012 T:2612    debug <general>:       Endpoints: [0.000000, 1.000000]
2026-06-06 17:42:35.012 T:2612    debug <general>:       Center: 0.000000
2026-06-06 17:42:35.013 T:2612    debug <general>:       Fuzz: 0.000000
2026-06-06 17:42:35.014 T:2612    debug <general>:     Has axis: AMOTION_EVENT_AXIS_HAT_Y (16)
2026-06-06 17:42:35.014 T:2612    debug <general>:       Endpoints: [-1.000000, 1.000000]
2026-06-06 17:42:35.014 T:2612    debug <general>:       Center: 0.000000
2026-06-06 17:42:35.015 T:2612    debug <general>:       Fuzz: 0.000000
2026-06-06 17:42:35.015 T:2612    debug <general>:     Has axis: AMOTION_EVENT_AXIS_HAT_X (15)
2026-06-06 17:42:35.016 T:2612    debug <general>:       Endpoints: [-1.000000, 1.000000]
2026-06-06 17:42:35.017 T:2612    debug <general>:       Center: 0.000000
2026-06-06 17:42:35.018 T:2612    debug <general>:       Fuzz: 0.000000
2026-06-06 17:42:35.019 T:2612    debug <general>:     Has axis: AMOTION_EVENT_AXIS_RZ (14)
2026-06-06 17:42:35.019 T:2612    debug <general>:       Endpoints: [-1.000000, 1.000000]
2026-06-06 17:42:35.020 T:2612    debug <general>:       Center: 0.000000
2026-06-06 17:42:35.020 T:2612    debug <general>:       Fuzz: 0.000000
2026-06-06 17:42:35.021 T:2612    debug <general>:     Has axis: AMOTION_EVENT_AXIS_RTRIGGER (18)
2026-06-06 17:42:35.021 T:2612    debug <general>:       Endpoints: [0.000000, 1.000000]
2026-06-06 17:42:35.021 T:2612    debug <general>:       Center: 0.000000
2026-06-06 17:42:35.022 T:2612    debug <general>:       Fuzz: 0.000000
2026-06-06 17:42:35.022 T:2612    debug <general>:     Has axis: AMOTION_EVENT_AXIS_GAS (22)
2026-06-06 17:42:35.022 T:2612    debug <general>:       Endpoints: [0.000000, 1.000000]
2026-06-06 17:42:35.022 T:2612    debug <general>:       Center: 0.000000
2026-06-06 17:42:35.023 T:2612    debug <general>:       Fuzz: 0.000000
2026-06-06 17:42:35.047 T:2612    debug <general>:     Has axis: AMOTION_EVENT_AXIS_LTRIGGER (17)
2026-06-06 17:42:35.049 T:2612    debug <general>:       Endpoints: [0.000000, 1.000000]
2026-06-06 17:42:35.050 T:2612    debug <general>:       Center: 0.000000
2026-06-06 17:42:35.051 T:2612    debug <general>:       Fuzz: 0.000000
2026-06-06 17:42:35.051 T:2612    debug <general>:     Has axis: AMOTION_EVENT_AXIS_BRAKE (23)
2026-06-06 17:42:35.052 T:2612    debug <general>:       Endpoints: [0.000000, 1.000000]
2026-06-06 17:42:35.056 T:2612    debug <general>:       Center: 0.000000
2026-06-06 17:42:35.057 T:2612    debug <general>:       Fuzz: 0.000000
2026-06-06 17:42:35.061 T:2612    debug <general>:     Has axis: AMOTION_EVENT_AXIS_Z (11)
2026-06-06 17:42:35.064 T:2612    debug <general>:       Endpoints: [-1.000000, 1.000000]
2026-06-06 17:42:35.068 T:2612    debug <general>:       Center: 0.000000
2026-06-06 17:42:35.069 T:2612    debug <general>:       Fuzz: 0.000000
2026-06-06 17:42:35.070 T:2612    debug <general>:     Has axis: AMOTION_EVENT_AXIS_Y (1)
2026-06-06 17:42:35.079 T:2612    debug <general>:       Endpoints: [-1.000000, 1.000000]
2026-06-06 17:42:35.080 T:2612    debug <general>:       Center: 0.000000
2026-06-06 17:42:35.080 T:2612    debug <general>:       Fuzz: 0.000000
2026-06-06 17:42:35.081 T:2612    debug <general>:     Has axis: AMOTION_EVENT_AXIS_X (0)
2026-06-06 17:42:35.081 T:2612    debug <general>:       Endpoints: [-1.000000, 1.000000]
2026-06-06 17:42:35.081 T:2612    debug <general>:       Center: 0.000000
2026-06-06 17:42:35.081 T:2612    debug <general>:       Fuzz: 0.000000
2026-06-06 17:42:35.082 T:2612    debug <general>: CPeripheralBusAndroid: ignoring non-joystick device
2026-06-06 17:42:35.083 T:2612    debug <general>: Input device removed: 3
2026-06-06 17:42:35.083 T:2612  warning <general>: CPeripheralBusAndroid: failed to remove input device with ID 3 because it couldn't be found
2026-06-06 17:42:35.084 T:2612    debug <general>: Input device added: 3
2026-06-06 17:42:35.093 T:2612    debug <general>: CPeripheralBusAndroid: Device added:
2026-06-06 17:42:35.094 T:2612    debug <general>:   Name: "Xiaomi Input"
2026-06-06 17:42:35.095 T:2612    debug <general>:     ID: 3
2026-06-06 17:42:35.097 T:2612    debug <general>:     Controller number: 0
2026-06-06 17:42:35.098 T:2612    debug <general>:     Descriptor: "e2af2aee625c3b..."
2026-06-06 17:42:35.098 T:2612    debug <general>:     Product ID: 0001
2026-06-06 17:42:35.098 T:2612    debug <general>:     Vendor ID: 1234
2026-06-06 17:42:35.099 T:2612    debug <general>:     Has microphone: false
2026-06-06 17:42:35.101 T:2612    debug <general>:     Is virtual: false
2026-06-06 17:42:35.101 T:2612    debug <general>:     Source flags: 0x001003
2026-06-06 17:42:35.103 T:2612    debug <general>:     Has source: SOURCE_TOUCHSCREEN (0x001002)
2026-06-06 17:42:35.107 T:2612    debug <general>:     Has key: AKEYCODE_HOME (3)
2026-06-06 17:42:35.108 T:2612    debug <general>:     Has key: AKEYCODE_BACK (4)
2026-06-06 17:42:35.108 T:2612    debug <general>:     Has key: AKEYCODE_CALL (5)
2026-06-06 17:42:35.109 T:2612    debug <general>:     Has key: AKEYCODE_0 (7)
2026-06-06 17:42:35.109 T:2612    debug <general>:     Has key: AKEYCODE_1 (8)
2026-06-06 17:42:35.109 T:2612    debug <general>:     Has key: AKEYCODE_2 (9)
2026-06-06 17:42:35.109 T:2612    debug <general>:     Has key: AKEYCODE_3 (10)
2026-06-06 17:42:35.110 T:2612    debug <general>:     Has key: AKEYCODE_4 (11)
2026-06-06 17:42:35.110 T:2612    debug <general>:     Has key: AKEYCODE_5 (12)
2026-06-06 17:42:35.110 T:2612    debug <general>:     Has key: AKEYCODE_6 (13)
2026-06-06 17:42:35.111 T:2612    debug <general>:     Has key: AKEYCODE_7 (14)
2026-06-06 17:42:35.111 T:2612    debug <general>:     Has key: AKEYCODE_8 (15)
2026-06-06 17:42:35.111 T:2612    debug <general>:     Has key: AKEYCODE_9 (16)
2026-06-06 17:42:35.112 T:2612    debug <general>:     Has key: AKEYCODE_DPAD_UP (19)
2026-06-06 17:42:35.112 T:2612    debug <general>:     Has key: AKEYCODE_DPAD_DOWN (20)
2026-06-06 17:42:35.112 T:2612    debug <general>:     Has key: AKEYCODE_DPAD_LEFT (21)
2026-06-06 17:42:35.112 T:2612    debug <general>:     Has key: AKEYCODE_DPAD_RIGHT (22)
2026-06-06 17:42:35.112 T:2612    debug <general>:     Has key: AKEYCODE_VOLUME_UP (24)
2026-06-06 17:42:35.113 T:2612    debug <general>:     Has key: AKEYCODE_VOLUME_DOWN (25)
2026-06-06 17:42:35.113 T:2612    debug <general>:     Has key: AKEYCODE_POWER (26)
2026-06-06 17:42:35.114 T:2612    debug <general>:     Has key: AKEYCODE_CAMERA (27)
2026-06-06 17:42:35.114 T:2612    debug <general>:     Has key: AKEYCODE_A (29)
2026-06-06 17:42:35.114 T:2612    debug <general>:     Has key: AKEYCODE_B (30)
2026-06-06 17:42:35.114 T:2612    debug <general>:     Has key: AKEYCODE_C (31)
2026-06-06 17:42:35.115 T:2612    debug <general>:     Has key: AKEYCODE_D (32)
2026-06-06 17:42:35.115 T:2612    debug <general>:     Has key: AKEYCODE_E (33)
2026-06-06 17:42:35.115 T:2612    debug <general>:     Has key: AKEYCODE_F (34)
2026-06-06 17:42:35.115 T:2612    debug <general>:     Has key: AKEYCODE_G (35)
2026-06-06 17:42:35.115 T:2612    debug <general>:     Has key: AKEYCODE_H (36)
2026-06-06 17:42:35.115 T:2612    debug <general>:     Has key: AKEYCODE_I (37)
2026-06-06 17:42:35.115 T:2612    debug <general>:     Has key: AKEYCODE_J (38)
2026-06-06 17:42:35.116 T:2612    debug <general>:     Has key: AKEYCODE_K (39)
2026-06-06 17:42:35.116 T:2612    debug <general>:     Has key: AKEYCODE_L (40)
2026-06-06 17:42:35.116 T:2612    debug <general>:     Has key: AKEYCODE_M (41)
2026-06-06 17:42:35.116 T:2612    debug <general>:     Has key: AKEYCODE_N (42)
2026-06-06 17:42:35.117 T:2612    debug <general>:     Has key: AKEYCODE_O (43)
2026-06-06 17:42:35.117 T:2612    debug <general>:     Has key: AKEYCODE_P (44)
2026-06-06 17:42:35.117 T:2612    debug <general>:     Has key: AKEYCODE_Q (45)
2026-06-06 17:42:35.117 T:2612    debug <general>:     Has key: AKEYCODE_R (46)
2026-06-06 17:42:35.117 T:2612    debug <general>:     Has key: AKEYCODE_S (47)
2026-06-06 17:42:35.117 T:2612    debug <general>:     Has key: AKEYCODE_T (48)
2026-06-06 17:42:35.117 T:2612    debug <general>:     Has key: AKEYCODE_U (49)
2026-06-06 17:42:35.118 T:2612    debug <general>:     Has key: AKEYCODE_V (50)
2026-06-06 17:42:35.118 T:2612    debug <general>:     Has key: AKEYCODE_W (51)
2026-06-06 17:42:35.118 T:2612    debug <general>:     Has key: AKEYCODE_X (52)
2026-06-06 17:42:35.118 T:2612    debug <general>:     Has key: AKEYCODE_Y (53)
2026-06-06 17:42:35.118 T:2612    debug <general>:     Has key: AKEYCODE_Z (54)
2026-06-06 17:42:35.118 T:2612    debug <general>:     Has key: AKEYCODE_COMMA (55)
2026-06-06 17:42:35.118 T:2612    debug <general>:     Has key: AKEYCODE_PERIOD (56)
2026-06-06 17:42:35.118 T:2612    debug <general>:     Has key: AKEYCODE_ALT_LEFT (57)
2026-06-06 17:42:35.119 T:2612    debug <general>:     Has key: AKEYCODE_ALT_RIGHT (58)
2026-06-06 17:42:35.119 T:2612    debug <general>:     Has key: AKEYCODE_SHIFT_LEFT (59)
2026-06-06 17:42:35.119 T:2612    debug <general>:     Has key: AKEYCODE_SHIFT_RIGHT (60)
2026-06-06 17:42:35.120 T:2612    debug <general>:     Has key: AKEYCODE_TAB (61)
2026-06-06 17:42:35.121 T:2612    debug <general>:     Has key: AKEYCODE_SPACE (62)
2026-06-06 17:42:35.121 T:2612    debug <general>:     Has key: AKEYCODE_EXPLORER (64)
2026-06-06 17:42:35.121 T:2612    debug <general>:     Has key: AKEYCODE_ENVELOPE (65)
2026-06-06 17:42:35.121 T:2612    debug <general>:     Has key: AKEYCODE_ENTER (66)
2026-06-06 17:42:35.121 T:2612    debug <general>:     Has key: AKEYCODE_DEL (67)
2026-06-06 17:42:35.121 T:2612    debug <general>:     Has key: AKEYCODE_GRAVE (68)
2026-06-06 17:42:35.121 T:2612    debug <general>:     Has key: AKEYCODE_MINUS (69)
2026-06-06 17:42:35.122 T:2612    debug <general>:     Has key: AKEYCODE_EQUALS (70)
2026-06-06 17:42:35.122 T:2612    debug <general>:     Has key: AKEYCODE_LEFT_BRACKET (71)
2026-06-06 17:42:35.122 T:2612    debug <general>:     Has key: AKEYCODE_RIGHT_BRACKET (72)
2026-06-06 17:42:35.122 T:2612    debug <general>:     Has key: AKEYCODE_BACKSLASH (73)
2026-06-06 17:42:35.122 T:2612    debug <general>:     Has key: AKEYCODE_SEMICOLON (74)
2026-06-06 17:42:35.122 T:2612    debug <general>:     Has key: AKEYCODE_APOSTROPHE (75)
2026-06-06 17:42:35.122 T:2612    debug <general>:     Has key: AKEYCODE_SLASH (76)
2026-06-06 17:42:35.122 T:2612    debug <general>:     Has key: AKEYCODE_HEADSETHOOK (79)
2026-06-06 17:42:35.122 T:2612    debug <general>:     Has key: AKEYCODE_MENU (82)
2026-06-06 17:42:35.122 T:2612    debug <general>:     Has key: AKEYCODE_NOTIFICATION (83)
2026-06-06 17:42:35.122 T:2612    debug <general>:     Has key: AKEYCODE_SEARCH (84)
2026-06-06 17:42:35.122 T:2612    debug <general>:     Has key: AKEYCODE_MEDIA_PLAY_PAUSE (85)
2026-06-06 17:42:35.122 T:2612    debug <general>:     Has key: AKEYCODE_MEDIA_STOP (86)
2026-06-06 17:42:35.122 T:2612    debug <general>:     Has key: AKEYCODE_MEDIA_NEXT (87)
2026-06-06 17:42:35.122 T:2612    debug <general>:     Has key: AKEYCODE_MEDIA_PREVIOUS (88)
2026-06-06 17:42:35.123 T:2612    debug <general>:     Has key: AKEYCODE_MEDIA_REWIND (89)
2026-06-06 17:42:35.123 T:2612    debug <general>:     Has key: AKEYCODE_MEDIA_FAST_FORWARD (90)
2026-06-06 17:42:35.123 T:2612    debug <general>:     Has key: AKEYCODE_PAGE_UP (92)
2026-06-06 17:42:35.123 T:2612    debug <general>:     Has key: AKEYCODE_PAGE_DOWN (93)
2026-06-06 17:42:35.123 T:2612    debug <general>:     Has key: AKEYCODE_ESCAPE (111)
2026-06-06 17:42:35.123 T:2612    debug <general>:     Has key: AKEYCODE_FORWARD_DEL (112)
2026-06-06 17:42:35.123 T:2612    debug <general>:     Has key: AKEYCODE_CTRL_LEFT (113)
2026-06-06 17:42:35.123 T:2612    debug <general>:     Has key: AKEYCODE_CTRL_RIGHT (114)
2026-06-06 17:42:35.123 T:2612    debug <general>:     Has key: AKEYCODE_CAPS_LOCK (115)
2026-06-06 17:42:35.124 T:2612    debug <general>:     Has key: AKEYCODE_SCROLL_LOCK (116)
2026-06-06 17:42:35.124 T:2612    debug <general>:     Has key: AKEYCODE_META_LEFT (117)
2026-06-06 17:42:35.124 T:2612    debug <general>:     Has key: AKEYCODE_META_RIGHT (118)
2026-06-06 17:42:35.124 T:2612    debug <general>:     Has key: AKEYCODE_SYSRQ (120)
2026-06-06 17:42:35.124 T:2612    debug <general>:     Has key: AKEYCODE_BREAK (121)
2026-06-06 17:42:35.124 T:2612    debug <general>:     Has key: AKEYCODE_MOVE_HOME (122)
2026-06-06 17:42:35.124 T:2612    debug <general>:     Has key: AKEYCODE_MOVE_END (123)
2026-06-06 17:42:35.124 T:2612    debug <general>:     Has key: AKEYCODE_INSERT (124)
2026-06-06 17:42:35.124 T:2612    debug <general>:     Has key: AKEYCODE_FORWARD (125)
2026-06-06 17:42:35.124 T:2612    debug <general>:     Has key: AKEYCODE_MEDIA_PLAY (126)
2026-06-06 17:42:35.125 T:2612    debug <general>:     Has key: AKEYCODE_MEDIA_PAUSE (127)
2026-06-06 17:42:35.125 T:2612    debug <general>:     Has key: AKEYCODE_MEDIA_CLOSE (128)
2026-06-06 17:42:35.125 T:2612    debug <general>:     Has key: AKEYCODE_MEDIA_EJECT (129)
2026-06-06 17:42:35.125 T:2612    debug <general>:     Has key: AKEYCODE_MEDIA_RECORD (130)
2026-06-06 17:42:35.125 T:2612    debug <general>:     Has key: AKEYCODE_F1 (131)
2026-06-06 17:42:35.125 T:2612    debug <general>:     Has key: AKEYCODE_F2 (132)
2026-06-06 17:42:35.126 T:2612    debug <general>:     Has key: AKEYCODE_F3 (133)
2026-06-06 17:42:35.127 T:2612    debug <general>:     Has key: AKEYCODE_F4 (134)
2026-06-06 17:42:35.127 T:2612    debug <general>:     Has key: AKEYCODE_F5 (135)
2026-06-06 17:42:35.127 T:2612    debug <general>:     Has key: AKEYCODE_F6 (136)
2026-06-06 17:42:35.127 T:2612    debug <general>:     Has key: AKEYCODE_F7 (137)
2026-06-06 17:42:35.127 T:2612    debug <general>:     Has key: AKEYCODE_F8 (138)
2026-06-06 17:42:35.127 T:2612    debug <general>:     Has key: AKEYCODE_F9 (139)
2026-06-06 17:42:35.127 T:2612    debug <general>:     Has key: AKEYCODE_F10 (140)
2026-06-06 17:42:35.128 T:2612    debug <general>:     Has key: AKEYCODE_F11 (141)
2026-06-06 17:42:35.128 T:2612    debug <general>:     Has key: AKEYCODE_F12 (142)
2026-06-06 17:42:35.128 T:2612    debug <general>:     Has key: AKEYCODE_NUM_LOCK (143)
2026-06-06 17:42:35.128 T:2612    debug <general>:     Has key: AKEYCODE_NUMPAD_0 (144)
2026-06-06 17:42:35.128 T:2612    debug <general>:     Has key: AKEYCODE_NUMPAD_1 (145)
2026-06-06 17:42:35.128 T:2612    debug <general>:     Has key: AKEYCODE_NUMPAD_2 (146)
2026-06-06 17:42:35.128 T:2612    debug <general>:     Has key: AKEYCODE_NUMPAD_3 (147)
2026-06-06 17:42:35.128 T:2612    debug <general>:     Has key: AKEYCODE_NUMPAD_4 (148)
2026-06-06 17:42:35.128 T:2612    debug <general>:     Has key: AKEYCODE_NUMPAD_5 (149)
2026-06-06 17:42:35.128 T:2612    debug <general>:     Has key: AKEYCODE_NUMPAD_6 (150)
2026-06-06 17:42:35.128 T:2612    debug <general>:     Has key: AKEYCODE_NUMPAD_7 (151)
2026-06-06 17:42:35.128 T:2612    debug <general>:     Has key: AKEYCODE_NUMPAD_8 (152)
2026-06-06 17:42:35.128 T:2612    debug <general>:     Has key: AKEYCODE_NUMPAD_9 (153)
2026-06-06 17:42:35.128 T:2612    debug <general>:     Has key: AKEYCODE_NUMPAD_DIVIDE (154)
2026-06-06 17:42:35.129 T:2612    debug <general>:     Has key: AKEYCODE_NUMPAD_MULTIPLY (155)
2026-06-06 17:42:35.129 T:2612    debug <general>:     Has key: AKEYCODE_NUMPAD_SUBTRACT (156)
2026-06-06 17:42:35.129 T:2612    debug <general>:     Has key: AKEYCODE_NUMPAD_ADD (157)
2026-06-06 17:42:35.129 T:2612    debug <general>:     Has key: AKEYCODE_NUMPAD_DOT (158)
2026-06-06 17:42:35.129 T:2612    debug <general>:     Has key: AKEYCODE_NUMPAD_COMMA (159)
2026-06-06 17:42:35.129 T:2612    debug <general>:     Has key: AKEYCODE_NUMPAD_ENTER (160)
2026-06-06 17:42:35.129 T:2612    debug <general>:     Has key: AKEYCODE_NUMPAD_EQUALS (161)
2026-06-06 17:42:35.129 T:2612    debug <general>:     Has key: AKEYCODE_NUMPAD_LEFT_PAREN (162)
2026-06-06 17:42:35.130 T:2612    debug <general>:     Has key: AKEYCODE_NUMPAD_RIGHT_PAREN (163)
2026-06-06 17:42:35.130 T:2612    debug <general>:     Has key: AKEYCODE_VOLUME_MUTE (164)
2026-06-06 17:42:35.130 T:2612    debug <general>:     Has key: AKEYCODE_BOOKMARK (174)
2026-06-06 17:42:35.130 T:2612    debug <general>:     Has key: AKEYCODE_APP_SWITCH (187)
2026-06-06 17:42:35.130 T:2612    debug <general>:     Has key: AKEYCODE_MUSIC (209)
2026-06-06 17:42:35.131 T:2612    debug <general>:     Has key: AKEYCODE_CALCULATOR (210)
2026-06-06 17:42:35.131 T:2612    debug <general>:     Has key: AKEYCODE_ZENKAKU_HANKAKU (211)
2026-06-06 17:42:35.131 T:2612    debug <general>:     Has key: AKEYCODE_EISU (212)
2026-06-06 17:42:35.131 T:2612    debug <general>:     Has key: AKEYCODE_MUHENKAN (213)
2026-06-06 17:42:35.131 T:2612    debug <general>:     Has key: AKEYCODE_HENKAN (214)
2026-06-06 17:42:35.132 T:2612    debug <general>:     Has key: AKEYCODE_KATAKANA_HIRAGANA (215)
2026-06-06 17:42:35.132 T:2612    debug <general>:     Has key: AKEYCODE_YEN (216)
2026-06-06 17:42:35.132 T:2612    debug <general>:     Has key: AKEYCODE_RO (217)
2026-06-06 17:42:35.132 T:2612    debug <general>:     Has key: AKEYCODE_KANA (218)
2026-06-06 17:42:35.132 T:2612    debug <general>:     Has key: AKEYCODE_BRIGHTNESS_DOWN (220)
2026-06-06 17:42:35.132 T:2612    debug <general>:     Has key: AKEYCODE_BRIGHTNESS_UP (221)
2026-06-06 17:42:35.133 T:2612    debug <general>:     Has key: AKEYCODE_SLEEP (223)
2026-06-06 17:42:35.133 T:2612    debug <general>:     Has key: AKEYCODE_WAKEUP (224)
2026-06-06 17:42:35.133 T:2612    debug <general>:     Has key: AKEYCODE_CUT (277)
2026-06-06 17:42:35.133 T:2612    debug <general>:     Has key: AKEYCODE_COPY (278)
2026-06-06 17:42:35.133 T:2612    debug <general>:     Has key: AKEYCODE_PASTE (279)
2026-06-06 17:42:35.133 T:2612    debug <general>:     Has key: AKEYCODE_REFRESH (285)
2026-06-06 17:42:35.134 T:2612    debug <general>:     Has axis: AMOTION_EVENT_AXIS_X (0)
2026-06-06 17:42:35.135 T:2612    debug <general>:       Endpoints: [0.000000, 1599.000000]
2026-06-06 17:42:35.135 T:2612    debug <general>:       Center: 0.000000
2026-06-06 17:42:35.135 T:2612    debug <general>:       Fuzz: 0.000000
2026-06-06 17:42:35.136 T:2612    debug <general>:     Has axis: AMOTION_EVENT_AXIS_Y (1)
2026-06-06 17:42:35.136 T:2612    debug <general>:       Endpoints: [0.000000, 899.000000]
2026-06-06 17:42:35.137 T:2612    debug <general>:       Center: 0.000000
2026-06-06 17:42:35.137 T:2612    debug <general>:       Fuzz: 0.000000
2026-06-06 17:42:35.138 T:2612    debug <general>:     Has axis: AMOTION_EVENT_AXIS_PRESSURE (2)
2026-06-06 17:42:35.139 T:2612    debug <general>:       Endpoints: [0.000000, 1.000000]
2026-06-06 17:42:35.139 T:2612    debug <general>:       Center: 0.000000
2026-06-06 17:42:35.139 T:2612    debug <general>:       Fuzz: 0.000000
2026-06-06 17:42:35.140 T:2612    debug <general>:     Has axis: AMOTION_EVENT_AXIS_VSCROLL (9)
2026-06-06 17:42:35.140 T:2612    debug <general>:       Endpoints: [-1.000000, 1.000000]
2026-06-06 17:42:35.141 T:2612    debug <general>:       Center: 0.000000
2026-06-06 17:42:35.141 T:2612    debug <general>:       Fuzz: 0.000000
2026-06-06 17:42:35.141 T:2612    debug <general>:     Has axis: AMOTION_EVENT_AXIS_HSCROLL (10)
2026-06-06 17:42:35.142 T:2612    debug <general>:       Endpoints: [-1.000000, 1.000000]
2026-06-06 17:42:35.142 T:2612    debug <general>:       Center: 0.000000
2026-06-06 17:42:35.142 T:2612    debug <general>:       Fuzz: 0.000000
2026-06-06 17:42:35.143 T:2612    debug <general>:     Has axis: AMOTION_EVENT_AXIS_X (0)
2026-06-06 17:42:35.143 T:2612    debug <general>:       Endpoints: [0.000000, 1599.000000]
2026-06-06 17:42:35.144 T:2612    debug <general>:       Center: 0.000000
2026-06-06 17:42:35.144 T:2612    debug <general>:       Fuzz: 0.000000
2026-06-06 17:42:35.144 T:2612    debug <general>:     Has axis: AMOTION_EVENT_AXIS_Y (1)
2026-06-06 17:42:35.145 T:2612    debug <general>:       Endpoints: [0.000000, 899.000000]
2026-06-06 17:42:35.145 T:2612    debug <general>:       Center: 0.000000
2026-06-06 17:42:35.145 T:2612    debug <general>:       Fuzz: 0.000000
2026-06-06 17:42:35.145 T:2612    debug <general>:     Has axis: AMOTION_EVENT_AXIS_PRESSURE (2)
2026-06-06 17:42:35.147 T:2612    debug <general>:       Endpoints: [0.000000, 1.000000]
2026-06-06 17:42:35.147 T:2612    debug <general>:       Center: 0.000000
2026-06-06 17:42:35.147 T:2612    debug <general>:       Fuzz: 0.000000
2026-06-06 17:42:35.148 T:2612    debug <general>: CPeripheralBusAndroid: ignoring non-joystick device
2026-06-06 17:42:35.148 T:2612    debug <general>: Input device removed: 2
2026-06-06 17:42:35.149 T:2612  warning <general>: CPeripheralBusAndroid: failed to remove input device with ID 2 because it couldn't be found
2026-06-06 17:42:35.150 T:2612    debug <general>: Input device added: 2
2026-06-06 17:42:35.161 T:2612    debug <general>: CPeripheralBusAndroid: Device added:
2026-06-06 17:42:35.162 T:2612    debug <general>:   Name: "Xiaomi mouse integration"
2026-06-06 17:42:35.162 T:2612    debug <general>:     ID: 2
2026-06-06 17:42:35.169 T:2612    debug <general>:     Controller number: 0
2026-06-06 17:42:35.173 T:2612    debug <general>:     Descriptor: "0417af3390d135..."
2026-06-06 17:42:35.176 T:2612    debug <general>:     Product ID: CAFE
2026-06-06 17:42:35.179 T:2612    debug <general>:     Vendor ID: 80EE
2026-06-06 17:42:35.181 T:2612    debug <general>:     Has microphone: false
2026-06-06 17:42:35.181 T:2612    debug <general>:     Is virtual: false
2026-06-06 17:42:35.181 T:2612    debug <general>:     Source flags: 0x000101
2026-06-06 17:42:35.182 T:2612    debug <general>:     Has source: SOURCE_KEYBOARD (0x000101)
2026-06-06 17:42:35.195 T:2612    debug <general>:     Has key: AKEYCODE_VOLUME_UP (24)
2026-06-06 17:42:35.196 T:2612    debug <general>:     Has key: AKEYCODE_VOLUME_DOWN (25)
2026-06-06 17:42:35.201 T:2612    debug <general>: CPeripheralBusAndroid: ignoring non-joystick device
2026-06-06 17:42:35.204 T:2612    debug <general>: Input device removed: 4
2026-06-06 17:42:35.205 T:2612  warning <general>: CPeripheralBusAndroid: failed to remove input device with ID 4 because it couldn't be found
2026-06-06 17:42:35.205 T:2612    debug <general>: Input device added: 4
2026-06-06 17:42:35.217 T:2612    debug <general>: CPeripheralBusAndroid: Device added:
2026-06-06 17:42:35.218 T:2612    debug <general>:   Name: "Xiaomi Joystick"
2026-06-06 17:42:35.218 T:2612    debug <general>:     ID: 4
2026-06-06 17:42:35.218 T:2612    debug <general>:     Controller number: 1
2026-06-06 17:42:35.222 T:2612    debug <general>:     Descriptor: "1d224f0a9f4437..."
2026-06-06 17:42:35.223 T:2612    debug <general>:     Product ID: 0002
2026-06-06 17:42:35.223 T:2612    debug <general>:     Vendor ID: 1235
2026-06-06 17:42:35.224 T:2612    debug <general>:     Has microphone: false
2026-06-06 17:42:35.224 T:2612    debug <general>:     Is virtual: false
2026-06-06 17:42:35.224 T:2612    debug <general>:     Source flags: 0x000003
2026-06-06 17:42:35.241 T:2612    debug <general>:     Has key: AKEYCODE_DPAD_UP (19)
2026-06-06 17:42:35.241 T:2612    debug <general>:     Has key: AKEYCODE_DPAD_DOWN (20)
2026-06-06 17:42:35.241 T:2612    debug <general>:     Has key: AKEYCODE_DPAD_LEFT (21)
2026-06-06 17:42:35.241 T:2612    debug <general>:     Has key: AKEYCODE_DPAD_RIGHT (22)
2026-06-06 17:42:35.241 T:2612    debug <general>:     Has key: AKEYCODE_DPAD_CENTER (23)
2026-06-06 17:42:35.241 T:2612    debug <general>:     Has key: AKEYCODE_BUTTON_A (96)
2026-06-06 17:42:35.241 T:2612    debug <general>:     Has key: AKEYCODE_BUTTON_B (97)
2026-06-06 17:42:35.241 T:2612    debug <general>:     Has key: AKEYCODE_BUTTON_C (98)
2026-06-06 17:42:35.241 T:2612    debug <general>:     Has key: AKEYCODE_BUTTON_X (99)
2026-06-06 17:42:35.242 T:2612    debug <general>:     Has key: AKEYCODE_BUTTON_Y (100)
2026-06-06 17:42:35.242 T:2612    debug <general>:     Has key: AKEYCODE_BUTTON_Z (101)
2026-06-06 17:42:35.242 T:2612    debug <general>:     Has key: AKEYCODE_BUTTON_L1 (102)
2026-06-06 17:42:35.242 T:2612    debug <general>:     Has key: AKEYCODE_BUTTON_R1 (103)
2026-06-06 17:42:35.242 T:2612    debug <general>:     Has key: AKEYCODE_BUTTON_L2 (104)
2026-06-06 17:42:35.242 T:2612    debug <general>:     Has key: AKEYCODE_BUTTON_R2 (105)
2026-06-06 17:42:35.242 T:2612    debug <general>:     Has key: AKEYCODE_BUTTON_THUMBL (106)
2026-06-06 17:42:35.242 T:2612    debug <general>:     Has key: AKEYCODE_BUTTON_THUMBR (107)
2026-06-06 17:42:35.242 T:2612    debug <general>:     Has key: AKEYCODE_BUTTON_START (108)
2026-06-06 17:42:35.243 T:2612    debug <general>:     Has key: AKEYCODE_BUTTON_SELECT (109)
2026-06-06 17:42:35.243 T:2612    debug <general>:     Has key: AKEYCODE_BUTTON_MODE (110)
2026-06-06 17:42:35.243 T:2612    debug <general>:     Has key: AKEYCODE_BUTTON_1 (188)
2026-06-06 17:42:35.243 T:2612    debug <general>:     Has key: AKEYCODE_BUTTON_2 (189)
2026-06-06 17:42:35.243 T:2612    debug <general>:     Has key: AKEYCODE_BUTTON_3 (190)
2026-06-06 17:42:35.243 T:2612    debug <general>:     Has key: AKEYCODE_BUTTON_4 (191)
2026-06-06 17:42:35.243 T:2612    debug <general>:     Has key: AKEYCODE_BUTTON_5 (192)
2026-06-06 17:42:35.243 T:2612    debug <general>:     Has key: AKEYCODE_BUTTON_6 (193)
2026-06-06 17:42:35.243 T:2612    debug <general>:     Has key: AKEYCODE_BUTTON_7 (194)
2026-06-06 17:42:35.244 T:2612    debug <general>:     Has key: AKEYCODE_BUTTON_8 (195)
2026-06-06 17:42:35.244 T:2612    debug <general>:     Has key: AKEYCODE_BUTTON_9 (196)
2026-06-06 17:42:35.244 T:2612    debug <general>:     Has key: AKEYCODE_BUTTON_10 (197)
2026-06-06 17:42:35.245 T:2612    debug <general>:     Has axis: AMOTION_EVENT_AXIS_X (0)
2026-06-06 17:42:35.245 T:2612    debug <general>:       Endpoints: [0.000000, 1599.000000]
2026-06-06 17:42:35.246 T:2612    debug <general>:       Center: 0.000000
2026-06-06 17:42:35.246 T:2612    debug <general>:       Fuzz: 0.000000
2026-06-06 17:42:35.247 T:2612    debug <general>:     Has axis: AMOTION_EVENT_AXIS_Y (1)
2026-06-06 17:42:35.249 T:2612    debug <general>:       Endpoints: [0.000000, 899.000000]
2026-06-06 17:42:35.250 T:2612    debug <general>:       Center: 0.000000
2026-06-06 17:42:35.254 T:2612    debug <general>:       Fuzz: 0.000000
2026-06-06 17:42:35.254 T:2612    debug <general>:     Has axis: AMOTION_EVENT_AXIS_PRESSURE (2)
2026-06-06 17:42:35.255 T:2612    debug <general>:       Endpoints: [0.000000, 1.000000]
2026-06-06 17:42:35.256 T:2612    debug <general>:       Center: 0.000000
2026-06-06 17:42:35.256 T:2612    debug <general>:       Fuzz: 0.000000
2026-06-06 17:42:35.256 T:2612    debug <general>:     Has axis: AMOTION_EVENT_AXIS_HAT_Y (16)
2026-06-06 17:42:35.262 T:2612    debug <general>:       Endpoints: [-1.000000, 1.000000]
2026-06-06 17:42:35.263 T:2612    debug <general>:       Center: 0.000000
2026-06-06 17:42:35.268 T:2612    debug <general>:       Fuzz: 0.000000
2026-06-06 17:42:35.269 T:2612    debug <general>:     Has axis: AMOTION_EVENT_AXIS_HAT_X (15)
2026-06-06 17:42:35.271 T:2612    debug <general>:       Endpoints: [-1.000000, 1.000000]
2026-06-06 17:42:35.272 T:2612    debug <general>:       Center: 0.000000
2026-06-06 17:42:35.272 T:2612    debug <general>:       Fuzz: 0.000000
2026-06-06 17:42:35.273 T:2612    debug <general>:     Has axis: AMOTION_EVENT_AXIS_RZ (14)
2026-06-06 17:42:35.273 T:2612    debug <general>:       Endpoints: [-1.000000, 1.000000]
2026-06-06 17:42:35.273 T:2612    debug <general>:       Center: 0.000000
2026-06-06 17:42:35.275 T:2612    debug <general>:       Fuzz: 0.000000
2026-06-06 17:42:35.275 T:2612    debug <general>:     Has axis: AMOTION_EVENT_AXIS_RTRIGGER (18)
2026-06-06 17:42:35.276 T:2612    debug <general>:       Endpoints: [0.000000, 1.000000]
2026-06-06 17:42:35.276 T:2612    debug <general>:       Center: 0.000000
2026-06-06 17:42:35.276 T:2612    debug <general>:       Fuzz: 0.000000
2026-06-06 17:42:35.277 T:2612    debug <general>:     Has axis: AMOTION_EVENT_AXIS_GAS (22)
2026-06-06 17:42:35.277 T:2612    debug <general>:       Endpoints: [0.000000, 1.000000]
2026-06-06 17:42:35.277 T:2612    debug <general>:       Center: 0.000000
2026-06-06 17:42:35.277 T:2612    debug <general>:       Fuzz: 0.000000
2026-06-06 17:42:35.278 T:2612    debug <general>:     Has axis: AMOTION_EVENT_AXIS_LTRIGGER (17)
2026-06-06 17:42:35.278 T:2612    debug <general>:       Endpoints: [0.000000, 1.000000]
2026-06-06 17:42:35.279 T:2612    debug <general>:       Center: 0.000000
2026-06-06 17:42:35.279 T:2612    debug <general>:       Fuzz: 0.000000
2026-06-06 17:42:35.279 T:2612    debug <general>:     Has axis: AMOTION_EVENT_AXIS_BRAKE (23)
2026-06-06 17:42:35.279 T:2612    debug <general>:       Endpoints: [0.000000, 1.000000]
2026-06-06 17:42:35.279 T:2612    debug <general>:       Center: 0.000000
2026-06-06 17:42:35.279 T:2612    debug <general>:       Fuzz: 0.000000
2026-06-06 17:42:35.280 T:2612    debug <general>:     Has axis: AMOTION_EVENT_AXIS_Z (11)
2026-06-06 17:42:35.280 T:2612    debug <general>:       Endpoints: [-1.000000, 1.000000]
2026-06-06 17:42:35.281 T:2612    debug <general>:       Center: 0.000000
2026-06-06 17:42:35.281 T:2612    debug <general>:       Fuzz: 0.000000
2026-06-06 17:42:35.281 T:2612    debug <general>:     Has axis: AMOTION_EVENT_AXIS_Y (1)
2026-06-06 17:42:35.282 T:2612    debug <general>:       Endpoints: [-1.000000, 1.000000]
2026-06-06 17:42:35.282 T:2612    debug <general>:       Center: 0.000000
2026-06-06 17:42:35.282 T:2612    debug <general>:       Fuzz: 0.000000
2026-06-06 17:42:35.282 T:2612    debug <general>:     Has axis: AMOTION_EVENT_AXIS_X (0)
2026-06-06 17:42:35.283 T:2612    debug <general>:       Endpoints: [-1.000000, 1.000000]
2026-06-06 17:42:35.283 T:2612    debug <general>:       Center: 0.000000
2026-06-06 17:42:35.283 T:2612    debug <general>:       Fuzz: 0.000000
2026-06-06 17:42:35.284 T:2612    debug <general>: CPeripheralBusAndroid: ignoring non-joystick device
2026-06-06 17:42:35.285 T:2612    debug <general>: Input device removed: 3
2026-06-06 17:42:35.285 T:2612  warning <general>: CPeripheralBusAndroid: failed to remove input device with ID 3 because it couldn't be found
2026-06-06 17:42:35.286 T:2612    debug <general>: Input device added: 3
2026-06-06 17:42:35.311 T:2612    debug <general>: CPeripheralBusAndroid: Device added:
2026-06-06 17:42:35.312 T:2612    debug <general>:   Name: "Xiaomi Input"
2026-06-06 17:42:35.312 T:2612    debug <general>:     ID: 3
2026-06-06 17:42:35.313 T:2612    debug <general>:     Controller number: 0
2026-06-06 17:42:35.313 T:2612    debug <general>:     Descriptor: "e2af2aee625c3b..."
2026-06-06 17:42:35.313 T:2612    debug <general>:     Product ID: 0001
2026-06-06 17:42:35.314 T:2612    debug <general>:     Vendor ID: 1234
2026-06-06 17:42:35.314 T:2612    debug <general>:     Has microphone: false
2026-06-06 17:42:35.314 T:2612    debug <general>:     Is virtual: false
2026-06-06 17:42:35.314 T:2612    debug <general>:     Source flags: 0x001003
2026-06-06 17:42:35.315 T:2612    debug <general>:     Has source: SOURCE_TOUCHSCREEN (0x001002)
2026-06-06 17:42:35.339 T:2612    debug <general>:     Has key: AKEYCODE_HOME (3)
2026-06-06 17:42:35.340 T:2612    debug <general>:     Has key: AKEYCODE_BACK (4)
2026-06-06 17:42:35.340 T:2612    debug <general>:     Has key: AKEYCODE_CALL (5)
2026-06-06 17:42:35.340 T:2612    debug <general>:     Has key: AKEYCODE_0 (7)
2026-06-06 17:42:35.340 T:2612    debug <general>:     Has key: AKEYCODE_1 (8)
2026-06-06 17:42:35.340 T:2612    debug <general>:     Has key: AKEYCODE_2 (9)
2026-06-06 17:42:35.341 T:2612    debug <general>:     Has key: AKEYCODE_3 (10)
2026-06-06 17:42:35.341 T:2612    debug <general>:     Has key: AKEYCODE_4 (11)
2026-06-06 17:42:35.341 T:2612    debug <general>:     Has key: AKEYCODE_5 (12)
2026-06-06 17:42:35.341 T:2612    debug <general>:     Has key: AKEYCODE_6 (13)
2026-06-06 17:42:35.341 T:2612    debug <general>:     Has key: AKEYCODE_7 (14)
2026-06-06 17:42:35.341 T:2612    debug <general>:     Has key: AKEYCODE_8 (15)
2026-06-06 17:42:35.341 T:2612    debug <general>:     Has key: AKEYCODE_9 (16)
2026-06-06 17:42:35.343 T:2612    debug <general>:     Has key: AKEYCODE_DPAD_UP (19)
2026-06-06 17:42:35.343 T:2612    debug <general>:     Has key: AKEYCODE_DPAD_DOWN (20)
2026-06-06 17:42:35.343 T:2612    debug <general>:     Has key: AKEYCODE_DPAD_LEFT (21)
2026-06-06 17:42:35.345 T:2612    debug <general>:     Has key: AKEYCODE_DPAD_RIGHT (22)
2026-06-06 17:42:35.345 T:2612    debug <general>:     Has key: AKEYCODE_VOLUME_UP (24)
2026-06-06 17:42:35.345 T:2612    debug <general>:     Has key: AKEYCODE_VOLUME_DOWN (25)
2026-06-06 17:42:35.345 T:2612    debug <general>:     Has key: AKEYCODE_POWER (26)
2026-06-06 17:42:35.345 T:2612    debug <general>:     Has key: AKEYCODE_CAMERA (27)
2026-06-06 17:42:35.345 T:2612    debug <general>:     Has key: AKEYCODE_A (29)
2026-06-06 17:42:35.345 T:2612    debug <general>:     Has key: AKEYCODE_B (30)
2026-06-06 17:42:35.346 T:2612    debug <general>:     Has key: AKEYCODE_C (31)
2026-06-06 17:42:35.346 T:2612    debug <general>:     Has key: AKEYCODE_D (32)
2026-06-06 17:42:35.346 T:2612    debug <general>:     Has key: AKEYCODE_E (33)
2026-06-06 17:42:35.346 T:2612    debug <general>:     Has key: AKEYCODE_F (34)
2026-06-06 17:42:35.346 T:2612    debug <general>:     Has key: AKEYCODE_G (35)
2026-06-06 17:42:35.346 T:2612    debug <general>:     Has key: AKEYCODE_H (36)
2026-06-06 17:42:35.346 T:2612    debug <general>:     Has key: AKEYCODE_I (37)
2026-06-06 17:42:35.346 T:2612    debug <general>:     Has key: AKEYCODE_J (38)
2026-06-06 17:42:35.346 T:2612    debug <general>:     Has key: AKEYCODE_K (39)
2026-06-06 17:42:35.346 T:2612    debug <general>:     Has key: AKEYCODE_L (40)
2026-06-06 17:42:35.349 T:2612    debug <general>:     Has key: AKEYCODE_M (41)
2026-06-06 17:42:35.351 T:2612    debug <general>:     Has key: AKEYCODE_N (42)
2026-06-06 17:42:35.351 T:2612    debug <general>:     Has key: AKEYCODE_O (43)
2026-06-06 17:42:35.351 T:2612    debug <general>:     Has key: AKEYCODE_P (44)
2026-06-06 17:42:35.351 T:2612    debug <general>:     Has key: AKEYCODE_Q (45)
2026-06-06 17:42:35.351 T:2612    debug <general>:     Has key: AKEYCODE_R (46)
2026-06-06 17:42:35.352 T:2612    debug <general>:     Has key: AKEYCODE_S (47)
2026-06-06 17:42:35.352 T:2612    debug <general>:     Has key: AKEYCODE_T (48)
2026-06-06 17:42:35.352 T:2612    debug <general>:     Has key: AKEYCODE_U (49)
2026-06-06 17:42:35.352 T:2612    debug <general>:     Has key: AKEYCODE_V (50)
2026-06-06 17:42:35.352 T:2612    debug <general>:     Has key: AKEYCODE_W (51)
2026-06-06 17:42:35.352 T:2612    debug <general>:     Has key: AKEYCODE_X (52)
2026-06-06 17:42:35.352 T:2612    debug <general>:     Has key: AKEYCODE_Y (53)
2026-06-06 17:42:35.352 T:2612    debug <general>:     Has key: AKEYCODE_Z (54)
2026-06-06 17:42:35.352 T:2612    debug <general>:     Has key: AKEYCODE_COMMA (55)
2026-06-06 17:42:35.353 T:2612    debug <general>:     Has key: AKEYCODE_PERIOD (56)
2026-06-06 17:42:35.353 T:2612    debug <general>:     Has key: AKEYCODE_ALT_LEFT (57)
2026-06-06 17:42:35.353 T:2612    debug <general>:     Has key: AKEYCODE_ALT_RIGHT (58)
2026-06-06 17:42:35.353 T:2612    debug <general>:     Has key: AKEYCODE_SHIFT_LEFT (59)
2026-06-06 17:42:35.353 T:2612    debug <general>:     Has key: AKEYCODE_SHIFT_RIGHT (60)
2026-06-06 17:42:35.353 T:2612    debug <general>:     Has key: AKEYCODE_TAB (61)
2026-06-06 17:42:35.353 T:2612    debug <general>:     Has key: AKEYCODE_SPACE (62)
2026-06-06 17:42:35.353 T:2612    debug <general>:     Has key: AKEYCODE_EXPLORER (64)
2026-06-06 17:42:35.354 T:2612    debug <general>:     Has key: AKEYCODE_ENVELOPE (65)
2026-06-06 17:42:35.354 T:2612    debug <general>:     Has key: AKEYCODE_ENTER (66)
2026-06-06 17:42:35.354 T:2612    debug <general>:     Has key: AKEYCODE_DEL (67)
2026-06-06 17:42:35.354 T:2612    debug <general>:     Has key: AKEYCODE_GRAVE (68)
2026-06-06 17:42:35.354 T:2612    debug <general>:     Has key: AKEYCODE_MINUS (69)
2026-06-06 17:42:35.355 T:2612    debug <general>:     Has key: AKEYCODE_EQUALS (70)
2026-06-06 17:42:35.355 T:2612    debug <general>:     Has key: AKEYCODE_LEFT_BRACKET (71)
2026-06-06 17:42:35.355 T:2612    debug <general>:     Has key: AKEYCODE_RIGHT_BRACKET (72)
2026-06-06 17:42:35.355 T:2612    debug <general>:     Has key: AKEYCODE_BACKSLASH (73)
2026-06-06 17:42:35.355 T:2612    debug <general>:     Has key: AKEYCODE_SEMICOLON (74)
2026-06-06 17:42:35.355 T:2612    debug <general>:     Has key: AKEYCODE_APOSTROPHE (75)
2026-06-06 17:42:35.355 T:2612    debug <general>:     Has key: AKEYCODE_SLASH (76)
2026-06-06 17:42:35.355 T:2612    debug <general>:     Has key: AKEYCODE_HEADSETHOOK (79)
2026-06-06 17:42:35.355 T:2612    debug <general>:     Has key: AKEYCODE_MENU (82)
2026-06-06 17:42:35.355 T:2612    debug <general>:     Has key: AKEYCODE_NOTIFICATION (83)
2026-06-06 17:42:35.355 T:2612    debug <general>:     Has key: AKEYCODE_SEARCH (84)
2026-06-06 17:42:35.355 T:2612    debug <general>:     Has key: AKEYCODE_MEDIA_PLAY_PAUSE (85)
2026-06-06 17:42:35.356 T:2612    debug <general>:     Has key: AKEYCODE_MEDIA_STOP (86)
2026-06-06 17:42:35.356 T:2612    debug <general>:     Has key: AKEYCODE_MEDIA_NEXT (87)
2026-06-06 17:42:35.356 T:2612    debug <general>:     Has key: AKEYCODE_MEDIA_PREVIOUS (88)
2026-06-06 17:42:35.356 T:2612    debug <general>:     Has key: AKEYCODE_MEDIA_REWIND (89)
2026-06-06 17:42:35.356 T:2612    debug <general>:     Has key: AKEYCODE_MEDIA_FAST_FORWARD (90)
2026-06-06 17:42:35.356 T:2612    debug <general>:     Has key: AKEYCODE_PAGE_UP (92)
2026-06-06 17:42:35.356 T:2612    debug <general>:     Has key: AKEYCODE_PAGE_DOWN (93)
2026-06-06 17:42:35.356 T:2612    debug <general>:     Has key: AKEYCODE_ESCAPE (111)
2026-06-06 17:42:35.356 T:2612    debug <general>:     Has key: AKEYCODE_FORWARD_DEL (112)
2026-06-06 17:42:35.382 T:2612    debug <general>:     Has key: AKEYCODE_CTRL_LEFT (113)
2026-06-06 17:42:35.383 T:2612    debug <general>:     Has key: AKEYCODE_CTRL_RIGHT (114)
2026-06-06 17:42:35.383 T:2612    debug <general>:     Has key: AKEYCODE_CAPS_LOCK (115)
2026-06-06 17:42:35.383 T:2612    debug <general>:     Has key: AKEYCODE_SCROLL_LOCK (116)
2026-06-06 17:42:35.383 T:2612    debug <general>:     Has key: AKEYCODE_META_LEFT (117)
2026-06-06 17:42:35.383 T:2612    debug <general>:     Has key: AKEYCODE_META_RIGHT (118)
2026-06-06 17:42:35.384 T:2612    debug <general>:     Has key: AKEYCODE_SYSRQ (120)
2026-06-06 17:42:35.384 T:2612    debug <general>:     Has key: AKEYCODE_BREAK (121)
2026-06-06 17:42:35.384 T:2612    debug <general>:     Has key: AKEYCODE_MOVE_HOME (122)
2026-06-06 17:42:35.384 T:2612    debug <general>:     Has key: AKEYCODE_MOVE_END (123)
2026-06-06 17:42:35.384 T:2612    debug <general>:     Has key: AKEYCODE_INSERT (124)
2026-06-06 17:42:35.384 T:2612    debug <general>:     Has key: AKEYCODE_FORWARD (125)
2026-06-06 17:42:35.384 T:2612    debug <general>:     Has key: AKEYCODE_MEDIA_PLAY (126)
2026-06-06 17:42:35.384 T:2612    debug <general>:     Has key: AKEYCODE_MEDIA_PAUSE (127)
2026-06-06 17:42:35.384 T:2612    debug <general>:     Has key: AKEYCODE_MEDIA_CLOSE (128)
2026-06-06 17:42:35.384 T:2612    debug <general>:     Has key: AKEYCODE_MEDIA_EJECT (129)
2026-06-06 17:42:35.384 T:2612    debug <general>:     Has key: AKEYCODE_MEDIA_RECORD (130)
2026-06-06 17:42:35.384 T:2612    debug <general>:     Has key: AKEYCODE_F1 (131)
2026-06-06 17:42:35.385 T:2612    debug <general>:     Has key: AKEYCODE_F2 (132)
2026-06-06 17:42:35.385 T:2612    debug <general>:     Has key: AKEYCODE_F3 (133)
2026-06-06 17:42:35.385 T:2612    debug <general>:     Has key: AKEYCODE_F4 (134)
2026-06-06 17:42:35.385 T:2612    debug <general>:     Has key: AKEYCODE_F5 (135)
2026-06-06 17:42:35.385 T:2612    debug <general>:     Has key: AKEYCODE_F6 (136)
2026-06-06 17:42:35.385 T:2612    debug <general>:     Has key: AKEYCODE_F7 (137)
2026-06-06 17:42:35.385 T:2612    debug <general>:     Has key: AKEYCODE_F8 (138)
2026-06-06 17:42:35.385 T:2612    debug <general>:     Has key: AKEYCODE_F9 (139)
2026-06-06 17:42:35.385 T:2612    debug <general>:     Has key: AKEYCODE_F10 (140)
2026-06-06 17:42:35.385 T:2612    debug <general>:     Has key: AKEYCODE_F11 (141)
2026-06-06 17:42:35.385 T:2612    debug <general>:     Has key: AKEYCODE_F12 (142)
2026-06-06 17:42:35.385 T:2612    debug <general>:     Has key: AKEYCODE_NUM_LOCK (143)
2026-06-06 17:42:35.385 T:2612    debug <general>:     Has key: AKEYCODE_NUMPAD_0 (144)
2026-06-06 17:42:35.385 T:2612    debug <general>:     Has key: AKEYCODE_NUMPAD_1 (145)
2026-06-06 17:42:35.386 T:2612    debug <general>:     Has key: AKEYCODE_NUMPAD_2 (146)
2026-06-06 17:42:35.386 T:2612    debug <general>:     Has key: AKEYCODE_NUMPAD_3 (147)
2026-06-06 17:42:35.386 T:2612    debug <general>:     Has key: AKEYCODE_NUMPAD_4 (148)
2026-06-06 17:42:35.386 T:2612    debug <general>:     Has key: AKEYCODE_NUMPAD_5 (149)
2026-06-06 17:42:35.387 T:2612    debug <general>:     Has key: AKEYCODE_NUMPAD_6 (150)
2026-06-06 17:42:35.387 T:2612    debug <general>:     Has key: AKEYCODE_NUMPAD_7 (151)
2026-06-06 17:42:35.387 T:2612    debug <general>:     Has key: AKEYCODE_NUMPAD_8 (152)
2026-06-06 17:42:35.388 T:2612    debug <general>:     Has key: AKEYCODE_NUMPAD_9 (153)
2026-06-06 17:42:35.388 T:2612    debug <general>:     Has key: AKEYCODE_NUMPAD_DIVIDE (154)
2026-06-06 17:42:35.388 T:2612    debug <general>:     Has key: AKEYCODE_NUMPAD_MULTIPLY (155)
2026-06-06 17:42:35.388 T:2612    debug <general>:     Has key: AKEYCODE_NUMPAD_SUBTRACT (156)
2026-06-06 17:42:35.388 T:2612    debug <general>:     Has key: AKEYCODE_NUMPAD_ADD (157)
2026-06-06 17:42:35.388 T:2612    debug <general>:     Has key: AKEYCODE_NUMPAD_DOT (158)
2026-06-06 17:42:35.388 T:2612    debug <general>:     Has key: AKEYCODE_NUMPAD_COMMA (159)
2026-06-06 17:42:35.389 T:2612    debug <general>:     Has key: AKEYCODE_NUMPAD_ENTER (160)
2026-06-06 17:42:35.389 T:2612    debug <general>:     Has key: AKEYCODE_NUMPAD_EQUALS (161)
2026-06-06 17:42:35.389 T:2612    debug <general>:     Has key: AKEYCODE_NUMPAD_LEFT_PAREN (162)
2026-06-06 17:42:35.389 T:2612    debug <general>:     Has key: AKEYCODE_NUMPAD_RIGHT_PAREN (163)
2026-06-06 17:42:35.389 T:2612    debug <general>:     Has key: AKEYCODE_VOLUME_MUTE (164)
2026-06-06 17:42:35.389 T:2612    debug <general>:     Has key: AKEYCODE_BOOKMARK (174)
2026-06-06 17:42:35.389 T:2612    debug <general>:     Has key: AKEYCODE_APP_SWITCH (187)
2026-06-06 17:42:35.389 T:2612    debug <general>:     Has key: AKEYCODE_MUSIC (209)
2026-06-06 17:42:35.389 T:2612    debug <general>:     Has key: AKEYCODE_CALCULATOR (210)
2026-06-06 17:42:35.389 T:2612    debug <general>:     Has key: AKEYCODE_ZENKAKU_HANKAKU (211)
2026-06-06 17:42:35.389 T:2612    debug <general>:     Has key: AKEYCODE_EISU (212)
2026-06-06 17:42:35.389 T:2612    debug <general>:     Has key: AKEYCODE_MUHENKAN (213)
2026-06-06 17:42:35.389 T:2612    debug <general>:     Has key: AKEYCODE_HENKAN (214)
2026-06-06 17:42:35.389 T:2612    debug <general>:     Has key: AKEYCODE_KATAKANA_HIRAGANA (215)
2026-06-06 17:42:35.389 T:2612    debug <general>:     Has key: AKEYCODE_YEN (216)
2026-06-06 17:42:35.389 T:2612    debug <general>:     Has key: AKEYCODE_RO (217)
2026-06-06 17:42:35.390 T:2612    debug <general>:     Has key: AKEYCODE_KANA (218)
2026-06-06 17:42:35.390 T:2612    debug <general>:     Has key: AKEYCODE_BRIGHTNESS_DOWN (220)
2026-06-06 17:42:35.390 T:2612    debug <general>:     Has key: AKEYCODE_BRIGHTNESS_UP (221)
2026-06-06 17:42:35.390 T:2612    debug <general>:     Has key: AKEYCODE_SLEEP (223)
2026-06-06 17:42:35.390 T:2612    debug <general>:     Has key: AKEYCODE_WAKEUP (224)
2026-06-06 17:42:35.391 T:2612    debug <general>:     Has key: AKEYCODE_CUT (277)
2026-06-06 17:42:35.391 T:2612    debug <general>:     Has key: AKEYCODE_COPY (278)
2026-06-06 17:42:35.391 T:2612    debug <general>:     Has key: AKEYCODE_PASTE (279)
2026-06-06 17:42:35.391 T:2612    debug <general>:     Has key: AKEYCODE_REFRESH (285)
2026-06-06 17:42:35.392 T:2612    debug <general>:     Has axis: AMOTION_EVENT_AXIS_X (0)
2026-06-06 17:42:35.392 T:2612    debug <general>:       Endpoints: [0.000000, 1599.000000]
2026-06-06 17:42:35.392 T:2612    debug <general>:       Center: 0.000000
2026-06-06 17:42:35.393 T:2612    debug <general>:       Fuzz: 0.000000
2026-06-06 17:42:35.393 T:2612    debug <general>:     Has axis: AMOTION_EVENT_AXIS_Y (1)
2026-06-06 17:42:35.394 T:2612    debug <general>:       Endpoints: [0.000000, 899.000000]
2026-06-06 17:42:35.394 T:2612    debug <general>:       Center: 0.000000
2026-06-06 17:42:35.394 T:2612    debug <general>:       Fuzz: 0.000000
2026-06-06 17:42:35.394 T:2612    debug <general>:     Has axis: AMOTION_EVENT_AXIS_PRESSURE (2)
2026-06-06 17:42:35.395 T:2612    debug <general>:       Endpoints: [0.000000, 1.000000]
2026-06-06 17:42:35.395 T:2612    debug <general>:       Center: 0.000000
2026-06-06 17:42:35.395 T:2612    debug <general>:       Fuzz: 0.000000
2026-06-06 17:42:35.395 T:2612    debug <general>:     Has axis: AMOTION_EVENT_AXIS_VSCROLL (9)
2026-06-06 17:42:35.395 T:2612    debug <general>:       Endpoints: [-1.000000, 1.000000]
2026-06-06 17:42:35.396 T:2612    debug <general>:       Center: 0.000000
2026-06-06 17:42:35.396 T:2612    debug <general>:       Fuzz: 0.000000
2026-06-06 17:42:35.396 T:2612    debug <general>:     Has axis: AMOTION_EVENT_AXIS_HSCROLL (10)
2026-06-06 17:42:35.397 T:2612    debug <general>:       Endpoints: [-1.000000, 1.000000]
2026-06-06 17:42:35.397 T:2612    debug <general>:       Center: 0.000000
2026-06-06 17:42:35.397 T:2612    debug <general>:       Fuzz: 0.000000
2026-06-06 17:42:35.397 T:2612    debug <general>:     Has axis: AMOTION_EVENT_AXIS_X (0)
2026-06-06 17:42:35.398 T:2612    debug <general>:       Endpoints: [0.000000, 1599.000000]
2026-06-06 17:42:35.398 T:2612    debug <general>:       Center: 0.000000
2026-06-06 17:42:35.398 T:2612    debug <general>:       Fuzz: 0.000000
2026-06-06 17:42:35.398 T:2612    debug <general>:     Has axis: AMOTION_EVENT_AXIS_Y (1)
2026-06-06 17:42:35.399 T:2612    debug <general>:       Endpoints: [0.000000, 899.000000]
2026-06-06 17:42:35.399 T:2612    debug <general>:       Center: 0.000000
2026-06-06 17:42:35.400 T:2612    debug <general>:       Fuzz: 0.000000
2026-06-06 17:42:35.401 T:2612    debug <general>:     Has axis: AMOTION_EVENT_AXIS_PRESSURE (2)
2026-06-06 17:42:35.403 T:2612    debug <general>:       Endpoints: [0.000000, 1.000000]
2026-06-06 17:42:35.403 T:2612    debug <general>:       Center: 0.000000
2026-06-06 17:42:35.404 T:2612    debug <general>:       Fuzz: 0.000000
2026-06-06 17:42:35.404 T:2612    debug <general>: CPeripheralBusAndroid: ignoring non-joystick device
2026-06-06 17:42:35.408 T:2612    debug <general>: Input device removed: 2
2026-06-06 17:42:35.408 T:2612  warning <general>: CPeripheralBusAndroid: failed to remove input device with ID 2 because it couldn't be found
2026-06-06 17:42:35.421 T:2612    debug <general>: Input device added: 2
2026-06-06 17:42:35.428 T:2612    debug <general>: CPeripheralBusAndroid: Device added:
2026-06-06 17:42:35.430 T:2612    debug <general>:   Name: "Xiaomi mouse integration"
2026-06-06 17:42:35.431 T:2612    debug <general>:     ID: 2
2026-06-06 17:42:35.431 T:2612    debug <general>:     Controller number: 0
2026-06-06 17:42:35.431 T:2612    debug <general>:     Descriptor: "0417af3390d135..."
2026-06-06 17:42:35.432 T:2612    debug <general>:     Product ID: CAFE
2026-06-06 17:42:35.432 T:2612    debug <general>:     Vendor ID: 80EE
2026-06-06 17:42:35.432 T:2612    debug <general>:     Has microphone: false
2026-06-06 17:42:35.433 T:2612    debug <general>:     Is virtual: false
2026-06-06 17:42:35.433 T:2612    debug <general>:     Source flags: 0x000101
2026-06-06 17:42:35.441 T:2612    debug <general>:     Has source: SOURCE_KEYBOARD (0x000101)
2026-06-06 17:42:35.452 T:2612    debug <general>:     Has key: AKEYCODE_VOLUME_UP (24)
2026-06-06 17:42:35.511 T:2612    debug <general>:     Has key: AKEYCODE_VOLUME_DOWN (25)
2026-06-06 17:42:35.518 T:2612    debug <general>: CPeripheralBusAndroid: ignoring non-joystick device
2026-06-06 17:42:35.521 T:2878    debug <general>: virtual void CXBMCApp::onResume(): 
2026-06-06 17:42:35.728 T:2878    debug <general>: virtual void CXBMCApp::onGainFocus(): 
2026-06-06 17:42:38.981 T:4162    debug <general>: Thread Timer start, auto delete: false
2026-06-06 17:42:38.986 T:4162    debug <general>: Thread Timer 129061790772464 terminating
2026-06-06 17:42:39.121 T:2884    debug <general>: ------ Window Init (DialogAddonInfo.xml) ------
2026-06-06 17:42:42.535 T:4163    debug <general>: Thread Timer start, auto delete: false
2026-06-06 17:42:42.601 T:4163    debug <general>: Thread Timer 129061790772464 terminating
2026-06-06 17:42:44.254 T:4164    debug <general>: Thread Timer start, auto delete: false
2026-06-06 17:42:44.262 T:4164    debug <general>: Thread Timer 129061790772464 terminating
2026-06-06 17:42:44.632 T:2884    debug <general>: CAddonInstaller: installing 'plugin.video.movierulz' version '1.0.0' from repository 'repository.movierulz'
2026-06-06 17:42:44.662 T:4165    debug <general>: Thread JobWorker start, auto delete: true
2026-06-06 17:42:44.667 T:4165    debug <general>: [threads] name: 'JobWorker' priority: '-9'
2026-06-06 17:42:44.723 T:4165    debug <general>: easy_acquire - Created session to https://raw.githubusercontent.com
2026-06-06 17:42:45.009 T:2884    debug <general>: ------ Window Deinit (DialogAddonInfo.xml) ------
2026-06-06 17:42:45.450 T:4165    debug <general>: CurlFile::Open - <https://raw.githubusercontent.com/JaisimhaSeelam/movierulz-kodi-repo/main/plugin.video.movierulz/plugin.video.movierulz-1.0.0.zip>
2026-06-06 17:42:46.464 T:4174    debug <general>: Thread Timer start, auto delete: false
2026-06-06 17:42:46.539 T:4174    debug <general>: Thread Timer 129061706996976 terminating
2026-06-06 17:42:46.649 T:4165    error <general>: CCurlFile::Open - <https://raw.githubusercontent.com/JaisimhaSeelam/movierulz-kodi-repo/main/plugin.video.movierulz/plugin.video.movierulz-1.0.0.zip> Failed with code 404:
                                                   
2026-06-06 17:42:46.659 T:4165    error <general>: CAddonInstallJob[plugin.video.movierulz]: failed to download special://home/addons/packages/plugin.video.movierulz-1.0.0.zip
2026-06-06 17:42:46.740 T:2884    debug <general>: ------ Window Init (DialogNotification.xml) ------
2026-06-06 17:42:46.842 T:2884    debug <general>: CGUIMediaWindow::GetDirectory (addons://repository.movierulz/xbmc.addon.video)
2026-06-06 17:42:46.845 T:2884    debug <general>:   ParentPath = [addons://repository.movierulz/xbmc.addon.video]
2026-06-06 17:42:46.852 T:4175    debug <general>: Thread waiting start, auto delete: false
2026-06-06 17:42:46.898 T:4175    debug <general>: CAddonDatabase: SELECT repo.id FROM repo .. took 5 ms
2026-06-06 17:42:46.905 T:4175    debug <general>: CAddonDatabase: query  SELECT addons.*, repo.addonID AS repoID FROM addons JOIN addonlinkrepo ON addons.id=addonlinkrepo.idAddon JOIN repo ON repo.id=addonlinkrepo.idRepo WHERE addonlinkrepo.idRepo IN (4) ORDER BY repo.addonID, addons.addonID returned 2 rows in 6 ms
2026-06-06 17:42:46.912 T:4175    debug <general>: CAddonDatabase::GetAddons took 13 ms
2026-06-06 17:42:46.944 T:4175    debug <general>: CAddonDatabase: SELECT repo.id FROM repo .. took 8 ms
2026-06-06 17:42:46.955 T:2884    debug <general>: ------ Window Init (DialogBusy.xml) ------
2026-06-06 17:42:47.133 T:4175    debug <general>: CAddonDatabase: query  SELECT addons.*, repo.addonID AS repoID FROM addons JOIN addonlinkrepo ON addons.id=addonlinkrepo.idAddon JOIN repo ON repo.id=addonlinkrepo.idRepo WHERE addonlinkrepo.idRepo IN (1,2,3,4) ORDER BY repo.addonID, addons.addonID returned 1074 rows in 188 ms
2026-06-06 17:42:49.248 T:4175    debug <general>: CAddonDatabase::GetAddons took 2302 ms
2026-06-06 17:42:49.334 T:4175    debug <general>: CAddonMgr::GetAddonsWithAvailableUpdate took 2413 ms
2026-06-06 17:42:49.441 T:4175    debug <general>: Thread waiting 129061699751152 terminating
2026-06-06 17:42:49.639 T:2884    debug <general>: ------ Window Deinit (DialogBusy.xml) ------
2026-06-06 17:42:49.994 T:4176    debug <general>: Thread BackgroundLoader start, auto delete: false
2026-06-06 17:42:49.995 T:2884    debug <general>: [threads] name: 'BackgroundLoader' priority: '-9'
2026-06-06 17:42:50.013 T:4176    debug <general>: Thread BackgroundLoader 129061717388528 terminating
2026-06-06 17:42:52.816 T:2884    debug <general>: ------ Window Deinit (DialogNotification.xml) ------
2026-06-06 17:43:10.070 T:2612    debug <general>: CXBMCApp::onReceive - Got intent. Action: android.intent.action.BATTERY_CHANGED
2026-06-06 17:43:16.779 T:4165    debug <general>: Thread JobWorker 129061705034992 terminating (autodelete)
2026-06-06 17:43:16.963 T:2884    debug <general>: CheckIdle - Closing session to https://raw.githubusercontent.com (easy=0x75632deddc20, multi=0x7562adf3a450)
2026-06-06 17:43:32.333 T:2878    debug <general>: virtual void CXBMCApp::onPause(): 
2026-06-06 17:43:32.334 T:2878    debug <general>: void CXBMCApp::KeepScreenOn(bool): false
2026-06-06 17:43:32.335 T:2878    debug <general>: virtual void CXBMCApp::onLostFocus(): 
2026-06-06 17:43:33.995 T:2612    debug <general>: Input device removed: 4
2026-06-06 17:43:33.996 T:2612  warning <general>: CPeripheralBusAndroid: failed to remove input device with ID 4 because it couldn't be found
2026-06-06 17:43:33.996 T:2612    debug <general>: Input device added: 4
2026-06-06 17:43:34.003 T:2612    debug <general>: CPeripheralBusAndroid: Device added:
2026-06-06 17:43:34.004 T:2612    debug <general>:   Name: "Xiaomi Joystick"
2026-06-06 17:43:34.004 T:2612    debug <general>:     ID: 4
2026-06-06 17:43:34.004 T:2612    debug <general>:     Controller number: 1
2026-06-06 17:43:34.004 T:2612    debug <general>:     Descriptor: "1d224f0a9f4437..."
2026-06-06 17:43:34.006 T:2612    debug <general>:     Product ID: 0002
2026-06-06 17:43:34.007 T:2612    debug <general>:     Vendor ID: 1235
2026-06-06 17:43:34.007 T:2612    debug <general>:     Has microphone: false
2026-06-06 17:43:34.008 T:2612    debug <general>:     Is virtual: false
2026-06-06 17:43:34.008 T:2612    debug <general>:     Source flags: 0x000003
2026-06-06 17:43:34.041 T:2612    debug <general>:     Has key: AKEYCODE_DPAD_UP (19)
2026-06-06 17:43:34.041 T:2612    debug <general>:     Has key: AKEYCODE_DPAD_DOWN (20)
2026-06-06 17:43:34.041 T:2612    debug <general>:     Has key: AKEYCODE_DPAD_LEFT (21)
2026-06-06 17:43:34.041 T:2612    debug <general>:     Has key: AKEYCODE_DPAD_RIGHT (22)
2026-06-06 17:43:34.042 T:2612    debug <general>:     Has key: AKEYCODE_DPAD_CENTER (23)
2026-06-06 17:43:34.042 T:2612    debug <general>:     Has key: AKEYCODE_BUTTON_A (96)
2026-06-06 17:43:34.042 T:2612    debug <general>:     Has key: AKEYCODE_BUTTON_B (97)
2026-06-06 17:43:34.042 T:2612    debug <general>:     Has key: AKEYCODE_BUTTON_C (98)
2026-06-06 17:43:34.042 T:2612    debug <general>:     Has key: AKEYCODE_BUTTON_X (99)
2026-06-06 17:43:34.042 T:2612    debug <general>:     Has key: AKEYCODE_BUTTON_Y (100)
2026-06-06 17:43:34.042 T:2612    debug <general>:     Has key: AKEYCODE_BUTTON_Z (101)
2026-06-06 17:43:34.042 T:2612    debug <general>:     Has key: AKEYCODE_BUTTON_L1 (102)
2026-06-06 17:43:34.042 T:2612    debug <general>:     Has key: AKEYCODE_BUTTON_R1 (103)
2026-06-06 17:43:34.042 T:2612    debug <general>:     Has key: AKEYCODE_BUTTON_L2 (104)
2026-06-06 17:43:34.043 T:2612    debug <general>:     Has key: AKEYCODE_BUTTON_R2 (105)
2026-06-06 17:43:34.043 T:2612    debug <general>:     Has key: AKEYCODE_BUTTON_THUMBL (106)
2026-06-06 17:43:34.043 T:2612    debug <general>:     Has key: AKEYCODE_BUTTON_THUMBR (107)
2026-06-06 17:43:34.043 T:2612    debug <general>:     Has key: AKEYCODE_BUTTON_START (108)
2026-06-06 17:43:34.043 T:2612    debug <general>:     Has key: AKEYCODE_BUTTON_SELECT (109)
2026-06-06 17:43:34.043 T:2612    debug <general>:     Has key: AKEYCODE_BUTTON_MODE (110)
2026-06-06 17:43:34.043 T:2612    debug <general>:     Has key: AKEYCODE_BUTTON_1 (188)
2026-06-06 17:43:34.044 T:2612    debug <general>:     Has key: AKEYCODE_BUTTON_2 (189)
2026-06-06 17:43:34.044 T:2612    debug <general>:     Has key: AKEYCODE_BUTTON_3 (190)
2026-06-06 17:43:34.044 T:2612    debug <general>:     Has key: AKEYCODE_BUTTON_4 (191)
2026-06-06 17:43:34.044 T:2612    debug <general>:     Has key: AKEYCODE_BUTTON_5 (192)
2026-06-06 17:43:34.044 T:2612    debug <general>:     Has key: AKEYCODE_BUTTON_6 (193)
2026-06-06 17:43:34.044 T:2612    debug <general>:     Has key: AKEYCODE_BUTTON_7 (194)
2026-06-06 17:43:34.045 T:2612    debug <general>:     Has key: AKEYCODE_BUTTON_8 (195)
2026-06-06 17:43:34.045 T:2612    debug <general>:     Has key: AKEYCODE_BUTTON_9 (196)
2026-06-06 17:43:34.045 T:2612    debug <general>:     Has key: AKEYCODE_BUTTON_10 (197)
2026-06-06 17:43:34.054 T:2612    debug <general>:     Has axis: AMOTION_EVENT_AXIS_X (0)
2026-06-06 17:43:34.059 T:2612    debug <general>:       Endpoints: [0.000000, 1599.000000]
2026-06-06 17:43:34.061 T:2612    debug <general>:       Center: 0.000000
2026-06-06 17:43:34.063 T:2612    debug <general>:       Fuzz: 0.000000
2026-06-06 17:43:34.064 T:2612    debug <general>:     Has axis: AMOTION_EVENT_AXIS_Y (1)
2026-06-06 17:43:34.064 T:2612    debug <general>:       Endpoints: [0.000000, 899.000000]
2026-06-06 17:43:34.064 T:2612    debug <general>:       Center: 0.000000
2026-06-06 17:43:34.064 T:2612    debug <general>:       Fuzz: 0.000000
2026-06-06 17:43:34.065 T:2612    debug <general>:     Has axis: AMOTION_EVENT_AXIS_PRESSURE (2)
2026-06-06 17:43:34.066 T:2612    debug <general>:       Endpoints: [0.000000, 1.000000]
2026-06-06 17:43:34.066 T:2612    debug <general>:       Center: 0.000000
2026-06-06 17:43:34.066 T:2612    debug <general>:       Fuzz: 0.000000
2026-06-06 17:43:34.066 T:2612    debug <general>:     Has axis: AMOTION_EVENT_AXIS_HAT_Y (16)
2026-06-06 17:43:34.067 T:2612    debug <general>:       Endpoints: [-1.000000, 1.000000]
2026-06-06 17:43:34.067 T:2612    debug <general>:       Center: 0.000000
2026-06-06 17:43:34.068 T:2612    debug <general>:       Fuzz: 0.000000
2026-06-06 17:43:34.068 T:2612    debug <general>:     Has axis: AMOTION_EVENT_AXIS_HAT_X (15)
2026-06-06 17:43:34.068 T:2612    debug <general>:       Endpoints: [-1.000000, 1.000000]
2026-06-06 17:43:34.072 T:2612    debug <general>:       Center: 0.000000
2026-06-06 17:43:34.073 T:2612    debug <general>:       Fuzz: 0.000000
2026-06-06 17:43:34.073 T:2612    debug <general>:     Has axis: AMOTION_EVENT_AXIS_RZ (14)
2026-06-06 17:43:34.074 T:2612    debug <general>:       Endpoints: [-1.000000, 1.000000]
2026-06-06 17:43:34.074 T:2612    debug <general>:       Center: 0.000000
2026-06-06 17:43:34.074 T:2612    debug <general>:       Fuzz: 0.000000
2026-06-06 17:43:34.074 T:2612    debug <general>:     Has axis: AMOTION_EVENT_AXIS_RTRIGGER (18)
2026-06-06 17:43:34.077 T:2612    debug <general>:       Endpoints: [0.000000, 1.000000]
2026-06-06 17:43:34.079 T:2612    debug <general>:       Center: 0.000000
2026-06-06 17:43:34.079 T:2612    debug <general>:       Fuzz: 0.000000
2026-06-06 17:43:34.079 T:2612    debug <general>:     Has axis: AMOTION_EVENT_AXIS_GAS (22)
2026-06-06 17:43:34.081 T:2612    debug <general>:       Endpoints: [0.000000, 1.000000]
2026-06-06 17:43:34.083 T:2612    debug <general>:       Center: 0.000000
2026-06-06 17:43:34.084 T:2612    debug <general>:       Fuzz: 0.000000
2026-06-06 17:43:34.086 T:2612    debug <general>:     Has axis: AMOTION_EVENT_AXIS_LTRIGGER (17)
2026-06-06 17:43:34.086 T:2612    debug <general>:       Endpoints: [0.000000, 1.000000]
2026-06-06 17:43:34.087 T:2612    debug <general>:       Center: 0.000000
2026-06-06 17:43:34.087 T:2612    debug <general>:       Fuzz: 0.000000
2026-06-06 17:43:34.087 T:2612    debug <general>:     Has axis: AMOTION_EVENT_AXIS_BRAKE (23)
2026-06-06 17:43:34.088 T:2612    debug <general>:       Endpoints: [0.000000, 1.000000]
2026-06-06 17:43:34.088 T:2612    debug <general>:       Center: 0.000000
2026-06-06 17:43:34.088 T:2612    debug <general>:       Fuzz: 0.000000
2026-06-06 17:43:34.088 T:2612    debug <general>:     Has axis: AMOTION_EVENT_AXIS_Z (11)
2026-06-06 17:43:34.089 T:2612    debug <general>:       Endpoints: [-1.000000, 1.000000]
2026-06-06 17:43:34.089 T:2612    debug <general>:       Center: 0.000000
2026-06-06 17:43:34.089 T:2612    debug <general>:       Fuzz: 0.000000
2026-06-06 17:43:34.090 T:2612    debug <general>:     Has axis: AMOTION_EVENT_AXIS_Y (1)
2026-06-06 17:43:34.090 T:2612    debug <general>:       Endpoints: [-1.000000, 1.000000]
2026-06-06 17:43:34.091 T:2612    debug <general>:       Center: 0.000000
2026-06-06 17:43:34.091 T:2612    debug <general>:       Fuzz: 0.000000
2026-06-06 17:43:34.091 T:2612    debug <general>:     Has axis: AMOTION_EVENT_AXIS_X (0)
2026-06-06 17:43:34.092 T:2612    debug <general>:       Endpoints: [-1.000000, 1.000000]
2026-06-06 17:43:34.092 T:2612    debug <general>:       Center: 0.000000
2026-06-06 17:43:34.092 T:2612    debug <general>:       Fuzz: 0.000000
2026-06-06 17:43:34.093 T:2612    debug <general>: CPeripheralBusAndroid: ignoring non-joystick device
2026-06-06 17:43:34.094 T:2612    debug <general>: Input device removed: 3
2026-06-06 17:43:34.094 T:2612  warning <general>: CPeripheralBusAndroid: failed to remove input device with ID 3 because it couldn't be found
2026-06-06 17:43:34.095 T:2612    debug <general>: Input device added: 3
2026-06-06 17:43:34.100 T:2612    debug <general>: CPeripheralBusAndroid: Device added:
2026-06-06 17:43:34.101 T:2612    debug <general>:   Name: "Xiaomi Input"
2026-06-06 17:43:34.102 T:2612    debug <general>:     ID: 3
2026-06-06 17:43:34.102 T:2612    debug <general>:     Controller number: 0
2026-06-06 17:43:34.103 T:2612    debug <general>:     Descriptor: "e2af2aee625c3b..."
2026-06-06 17:43:34.104 T:2612    debug <general>:     Product ID: 0001
2026-06-06 17:43:34.104 T:2612    debug <general>:     Vendor ID: 1234
2026-06-06 17:43:34.104 T:2612    debug <general>:     Has microphone: false
2026-06-06 17:43:34.105 T:2612    debug <general>:     Is virtual: false
2026-06-06 17:43:34.105 T:2612    debug <general>:     Source flags: 0x001003
2026-06-06 17:43:34.106 T:2612    debug <general>:     Has source: SOURCE_TOUCHSCREEN (0x001002)
2026-06-06 17:43:34.111 T:2612    debug <general>:     Has key: AKEYCODE_HOME (3)
2026-06-06 17:43:34.111 T:2612    debug <general>:     Has key: AKEYCODE_BACK (4)
2026-06-06 17:43:34.111 T:2612    debug <general>:     Has key: AKEYCODE_CALL (5)
2026-06-06 17:43:34.111 T:2612    debug <general>:     Has key: AKEYCODE_0 (7)
2026-06-06 17:43:34.111 T:2612    debug <general>:     Has key: AKEYCODE_1 (8)
2026-06-06 17:43:34.112 T:2612    debug <general>:     Has key: AKEYCODE_2 (9)
2026-06-06 17:43:34.112 T:2612    debug <general>:     Has key: AKEYCODE_3 (10)
2026-06-06 17:43:34.112 T:2612    debug <general>:     Has key: AKEYCODE_4 (11)
2026-06-06 17:43:34.112 T:2612    debug <general>:     Has key: AKEYCODE_5 (12)
2026-06-06 17:43:34.112 T:2612    debug <general>:     Has key: AKEYCODE_6 (13)
2026-06-06 17:43:34.112 T:2612    debug <general>:     Has key: AKEYCODE_7 (14)
2026-06-06 17:43:34.113 T:2612    debug <general>:     Has key: AKEYCODE_8 (15)
2026-06-06 17:43:34.113 T:2612    debug <general>:     Has key: AKEYCODE_9 (16)
2026-06-06 17:43:34.113 T:2612    debug <general>:     Has key: AKEYCODE_DPAD_UP (19)
2026-06-06 17:43:34.113 T:2612    debug <general>:     Has key: AKEYCODE_DPAD_DOWN (20)
2026-06-06 17:43:34.113 T:2612    debug <general>:     Has key: AKEYCODE_DPAD_LEFT (21)
2026-06-06 17:43:34.113 T:2612    debug <general>:     Has key: AKEYCODE_DPAD_RIGHT (22)
2026-06-06 17:43:34.114 T:2612    debug <general>:     Has key: AKEYCODE_VOLUME_UP (24)
2026-06-06 17:43:34.114 T:2612    debug <general>:     Has key: AKEYCODE_VOLUME_DOWN (25)
2026-06-06 17:43:34.114 T:2612    debug <general>:     Has key: AKEYCODE_POWER (26)
2026-06-06 17:43:34.114 T:2612    debug <general>:     Has key: AKEYCODE_CAMERA (27)
2026-06-06 17:43:34.114 T:2612    debug <general>:     Has key: AKEYCODE_A (29)
2026-06-06 17:43:34.115 T:2612    debug <general>:     Has key: AKEYCODE_B (30)
2026-06-06 17:43:34.117 T:2612    debug <general>:     Has key: AKEYCODE_C (31)
2026-06-06 17:43:34.117 T:2612    debug <general>:     Has key: AKEYCODE_D (32)
2026-06-06 17:43:34.117 T:2612    debug <general>:     Has key: AKEYCODE_E (33)
2026-06-06 17:43:34.118 T:2612    debug <general>:     Has key: AKEYCODE_F (34)
2026-06-06 17:43:34.118 T:2612    debug <general>:     Has key: AKEYCODE_G (35)
2026-06-06 17:43:34.118 T:2612    debug <general>:     Has key: AKEYCODE_H (36)
2026-06-06 17:43:34.118 T:2612    debug <general>:     Has key: AKEYCODE_I (37)
2026-06-06 17:43:34.118 T:2612    debug <general>:     Has key: AKEYCODE_J (38)
2026-06-06 17:43:34.118 T:2612    debug <general>:     Has key: AKEYCODE_K (39)
2026-06-06 17:43:34.118 T:2612    debug <general>:     Has key: AKEYCODE_L (40)
2026-06-06 17:43:34.118 T:2612    debug <general>:     Has key: AKEYCODE_M (41)
2026-06-06 17:43:34.118 T:2612    debug <general>:     Has key: AKEYCODE_N (42)
2026-06-06 17:43:34.118 T:2612    debug <general>:     Has key: AKEYCODE_O (43)
2026-06-06 17:43:34.118 T:2612    debug <general>:     Has key: AKEYCODE_P (44)
2026-06-06 17:43:34.118 T:2612    debug <general>:     Has key: AKEYCODE_Q (45)
2026-06-06 17:43:34.118 T:2612    debug <general>:     Has key: AKEYCODE_R (46)
2026-06-06 17:43:34.118 T:2612    debug <general>:     Has key: AKEYCODE_S (47)
2026-06-06 17:43:34.119 T:2612    debug <general>:     Has key: AKEYCODE_T (48)
2026-06-06 17:43:34.119 T:2612    debug <general>:     Has key: AKEYCODE_U (49)
2026-06-06 17:43:34.119 T:2612    debug <general>:     Has key: AKEYCODE_V (50)
2026-06-06 17:43:34.119 T:2612    debug <general>:     Has key: AKEYCODE_W (51)
2026-06-06 17:43:34.119 T:2612    debug <general>:     Has key: AKEYCODE_X (52)
2026-06-06 17:43:34.119 T:2612    debug <general>:     Has key: AKEYCODE_Y (53)
2026-06-06 17:43:34.119 T:2612    debug <general>:     Has key: AKEYCODE_Z (54)
2026-06-06 17:43:34.120 T:2612    debug <general>:     Has key: AKEYCODE_COMMA (55)
2026-06-06 17:43:34.120 T:2612    debug <general>:     Has key: AKEYCODE_PERIOD (56)
2026-06-06 17:43:34.120 T:2612    debug <general>:     Has key: AKEYCODE_ALT_LEFT (57)
2026-06-06 17:43:34.120 T:2612    debug <general>:     Has key: AKEYCODE_ALT_RIGHT (58)
2026-06-06 17:43:34.120 T:2612    debug <general>:     Has key: AKEYCODE_SHIFT_LEFT (59)
2026-06-06 17:43:34.120 T:2612    debug <general>:     Has key: AKEYCODE_SHIFT_RIGHT (60)
2026-06-06 17:43:34.120 T:2612    debug <general>:     Has key: AKEYCODE_TAB (61)
2026-06-06 17:43:34.123 T:2612    debug <general>:     Has key: AKEYCODE_SPACE (62)
2026-06-06 17:43:34.123 T:2612    debug <general>:     Has key: AKEYCODE_EXPLORER (64)
2026-06-06 17:43:34.123 T:2612    debug <general>:     Has key: AKEYCODE_ENVELOPE (65)
2026-06-06 17:43:34.124 T:2612    debug <general>:     Has key: AKEYCODE_ENTER (66)
2026-06-06 17:43:34.124 T:2612    debug <general>:     Has key: AKEYCODE_DEL (67)
2026-06-06 17:43:34.124 T:2612    debug <general>:     Has key: AKEYCODE_GRAVE (68)
2026-06-06 17:43:34.124 T:2612    debug <general>:     Has key: AKEYCODE_MINUS (69)
2026-06-06 17:43:34.124 T:2612    debug <general>:     Has key: AKEYCODE_EQUALS (70)
2026-06-06 17:43:34.124 T:2612    debug <general>:     Has key: AKEYCODE_LEFT_BRACKET (71)
2026-06-06 17:43:34.125 T:2612    debug <general>:     Has key: AKEYCODE_RIGHT_BRACKET (72)
2026-06-06 17:43:34.125 T:2612    debug <general>:     Has key: AKEYCODE_BACKSLASH (73)
2026-06-06 17:43:34.125 T:2612    debug <general>:     Has key: AKEYCODE_SEMICOLON (74)
2026-06-06 17:43:34.125 T:2612    debug <general>:     Has key: AKEYCODE_APOSTROPHE (75)
2026-06-06 17:43:34.125 T:2612    debug <general>:     Has key: AKEYCODE_SLASH (76)
2026-06-06 17:43:34.125 T:2612    debug <general>:     Has key: AKEYCODE_HEADSETHOOK (79)
2026-06-06 17:43:34.125 T:2612    debug <general>:     Has key: AKEYCODE_MENU (82)
2026-06-06 17:43:34.125 T:2612    debug <general>:     Has key: AKEYCODE_NOTIFICATION (83)
2026-06-06 17:43:34.125 T:2612    debug <general>:     Has key: AKEYCODE_SEARCH (84)
2026-06-06 17:43:34.125 T:2612    debug <general>:     Has key: AKEYCODE_MEDIA_PLAY_PAUSE (85)
2026-06-06 17:43:34.125 T:2612    debug <general>:     Has key: AKEYCODE_MEDIA_STOP (86)
2026-06-06 17:43:34.126 T:2612    debug <general>:     Has key: AKEYCODE_MEDIA_NEXT (87)
2026-06-06 17:43:34.126 T:2612    debug <general>:     Has key: AKEYCODE_MEDIA_PREVIOUS (88)
2026-06-06 17:43:34.126 T:2612    debug <general>:     Has key: AKEYCODE_MEDIA_REWIND (89)
2026-06-06 17:43:34.126 T:2612    debug <general>:     Has key: AKEYCODE_MEDIA_FAST_FORWARD (90)
2026-06-06 17:43:34.126 T:2612    debug <general>:     Has key: AKEYCODE_PAGE_UP (92)
2026-06-06 17:43:34.126 T:2612    debug <general>:     Has key: AKEYCODE_PAGE_DOWN (93)
2026-06-06 17:43:34.127 T:2612    debug <general>:     Has key: AKEYCODE_ESCAPE (111)
2026-06-06 17:43:34.127 T:2612    debug <general>:     Has key: AKEYCODE_FORWARD_DEL (112)
2026-06-06 17:43:34.127 T:2612    debug <general>:     Has key: AKEYCODE_CTRL_LEFT (113)
2026-06-06 17:43:34.127 T:2612    debug <general>:     Has key: AKEYCODE_CTRL_RIGHT (114)
2026-06-06 17:43:34.127 T:2612    debug <general>:     Has key: AKEYCODE_CAPS_LOCK (115)
2026-06-06 17:43:34.127 T:2612    debug <general>:     Has key: AKEYCODE_SCROLL_LOCK (116)
2026-06-06 17:43:34.127 T:2612    debug <general>:     Has key: AKEYCODE_META_LEFT (117)
2026-06-06 17:43:34.127 T:2612    debug <general>:     Has key: AKEYCODE_META_RIGHT (118)
2026-06-06 17:43:34.127 T:2612    debug <general>:     Has key: AKEYCODE_SYSRQ (120)
2026-06-06 17:43:34.127 T:2612    debug <general>:     Has key: AKEYCODE_BREAK (121)
2026-06-06 17:43:34.127 T:2612    debug <general>:     Has key: AKEYCODE_MOVE_HOME (122)
2026-06-06 17:43:34.127 T:2612    debug <general>:     Has key: AKEYCODE_MOVE_END (123)
2026-06-06 17:43:34.127 T:2612    debug <general>:     Has key: AKEYCODE_INSERT (124)
2026-06-06 17:43:34.127 T:2612    debug <general>:     Has key: AKEYCODE_FORWARD (125)
2026-06-06 17:43:34.128 T:2612    debug <general>:     Has key: AKEYCODE_MEDIA_PLAY (126)
2026-06-06 17:43:34.128 T:2612    debug <general>:     Has key: AKEYCODE_MEDIA_PAUSE (127)
2026-06-06 17:43:34.128 T:2612    debug <general>:     Has key: AKEYCODE_MEDIA_CLOSE (128)
2026-06-06 17:43:34.128 T:2612    debug <general>:     Has key: AKEYCODE_MEDIA_EJECT (129)
2026-06-06 17:43:34.128 T:2612    debug <general>:     Has key: AKEYCODE_MEDIA_RECORD (130)
2026-06-06 17:43:34.128 T:2612    debug <general>:     Has key: AKEYCODE_F1 (131)
2026-06-06 17:43:34.128 T:2612    debug <general>:     Has key: AKEYCODE_F2 (132)
2026-06-06 17:43:34.128 T:2612    debug <general>:     Has key: AKEYCODE_F3 (133)
2026-06-06 17:43:34.128 T:2612    debug <general>:     Has key: AKEYCODE_F4 (134)
2026-06-06 17:43:34.128 T:2612    debug <general>:     Has key: AKEYCODE_F5 (135)
2026-06-06 17:43:34.128 T:2612    debug <general>:     Has key: AKEYCODE_F6 (136)
2026-06-06 17:43:34.128 T:2612    debug <general>:     Has key: AKEYCODE_F7 (137)
2026-06-06 17:43:34.128 T:2612    debug <general>:     Has key: AKEYCODE_F8 (138)
2026-06-06 17:43:34.129 T:2612    debug <general>:     Has key: AKEYCODE_F9 (139)
2026-06-06 17:43:34.129 T:2612    debug <general>:     Has key: AKEYCODE_F10 (140)
2026-06-06 17:43:34.129 T:2612    debug <general>:     Has key: AKEYCODE_F11 (141)
2026-06-06 17:43:34.129 T:2612    debug <general>:     Has key: AKEYCODE_F12 (142)
2026-06-06 17:43:34.129 T:2612    debug <general>:     Has key: AKEYCODE_NUM_LOCK (143)
2026-06-06 17:43:34.129 T:2612    debug <general>:     Has key: AKEYCODE_NUMPAD_0 (144)
2026-06-06 17:43:34.129 T:2612    debug <general>:     Has key: AKEYCODE_NUMPAD_1 (145)
2026-06-06 17:43:34.129 T:2612    debug <general>:     Has key: AKEYCODE_NUMPAD_2 (146)
2026-06-06 17:43:34.129 T:2612    debug <general>:     Has key: AKEYCODE_NUMPAD_3 (147)
2026-06-06 17:43:34.129 T:2612    debug <general>:     Has key: AKEYCODE_NUMPAD_4 (148)
2026-06-06 17:43:34.129 T:2612    debug <general>:     Has key: AKEYCODE_NUMPAD_5 (149)
2026-06-06 17:43:34.130 T:2612    debug <general>:     Has key: AKEYCODE_NUMPAD_6 (150)
2026-06-06 17:43:34.130 T:2612    debug <general>:     Has key: AKEYCODE_NUMPAD_7 (151)
2026-06-06 17:43:34.130 T:2612    debug <general>:     Has key: AKEYCODE_NUMPAD_8 (152)
2026-06-06 17:43:34.130 T:2612    debug <general>:     Has key: AKEYCODE_NUMPAD_9 (153)
2026-06-06 17:43:34.130 T:2612    debug <general>:     Has key: AKEYCODE_NUMPAD_DIVIDE (154)
2026-06-06 17:43:34.130 T:2612    debug <general>:     Has key: AKEYCODE_NUMPAD_MULTIPLY (155)
2026-06-06 17:43:34.130 T:2612    debug <general>:     Has key: AKEYCODE_NUMPAD_SUBTRACT (156)
2026-06-06 17:43:34.131 T:2612    debug <general>:     Has key: AKEYCODE_NUMPAD_ADD (157)
2026-06-06 17:43:34.131 T:2612    debug <general>:     Has key: AKEYCODE_NUMPAD_DOT (158)
2026-06-06 17:43:34.131 T:2612    debug <general>:     Has key: AKEYCODE_NUMPAD_COMMA (159)
2026-06-06 17:43:34.131 T:2612    debug <general>:     Has key: AKEYCODE_NUMPAD_ENTER (160)
2026-06-06 17:43:34.131 T:2612    debug <general>:     Has key: AKEYCODE_NUMPAD_EQUALS (161)
2026-06-06 17:43:34.131 T:2612    debug <general>:     Has key: AKEYCODE_NUMPAD_LEFT_PAREN (162)
2026-06-06 17:43:34.131 T:2612    debug <general>:     Has key: AKEYCODE_NUMPAD_RIGHT_PAREN (163)
2026-06-06 17:43:34.131 T:2612    debug <general>:     Has key: AKEYCODE_VOLUME_MUTE (164)
2026-06-06 17:43:34.131 T:2612    debug <general>:     Has key: AKEYCODE_BOOKMARK (174)
2026-06-06 17:43:34.131 T:2612    debug <general>:     Has key: AKEYCODE_APP_SWITCH (187)
2026-06-06 17:43:34.132 T:2612    debug <general>:     Has key: AKEYCODE_MUSIC (209)
2026-06-06 17:43:34.132 T:2612    debug <general>:     Has key: AKEYCODE_CALCULATOR (210)
2026-06-06 17:43:34.132 T:2612    debug <general>:     Has key: AKEYCODE_ZENKAKU_HANKAKU (211)
2026-06-06 17:43:34.132 T:2612    debug <general>:     Has key: AKEYCODE_EISU (212)
2026-06-06 17:43:34.132 T:2612    debug <general>:     Has key: AKEYCODE_MUHENKAN (213)
2026-06-06 17:43:34.132 T:2612    debug <general>:     Has key: AKEYCODE_HENKAN (214)
2026-06-06 17:43:34.132 T:2612    debug <general>:     Has key: AKEYCODE_KATAKANA_HIRAGANA (215)
2026-06-06 17:43:34.132 T:2612    debug <general>:     Has key: AKEYCODE_YEN (216)
2026-06-06 17:43:34.132 T:2612    debug <general>:     Has key: AKEYCODE_RO (217)
2026-06-06 17:43:34.132 T:2612    debug <general>:     Has key: AKEYCODE_KANA (218)
2026-06-06 17:43:34.132 T:2612    debug <general>:     Has key: AKEYCODE_BRIGHTNESS_DOWN (220)
2026-06-06 17:43:34.133 T:2612    debug <general>:     Has key: AKEYCODE_BRIGHTNESS_UP (221)
2026-06-06 17:43:34.133 T:2612    debug <general>:     Has key: AKEYCODE_SLEEP (223)
2026-06-06 17:43:34.134 T:2612    debug <general>:     Has key: AKEYCODE_WAKEUP (224)
2026-06-06 17:43:34.134 T:2612    debug <general>:     Has key: AKEYCODE_CUT (277)
2026-06-06 17:43:34.134 T:2612    debug <general>:     Has key: AKEYCODE_COPY (278)
2026-06-06 17:43:34.134 T:2612    debug <general>:     Has key: AKEYCODE_PASTE (279)
2026-06-06 17:43:34.134 T:2612    debug <general>:     Has key: AKEYCODE_REFRESH (285)
2026-06-06 17:43:34.135 T:2612    debug <general>:     Has axis: AMOTION_EVENT_AXIS_X (0)
2026-06-06 17:43:34.137 T:2612    debug <general>:       Endpoints: [0.000000, 1599.000000]
2026-06-06 17:43:34.138 T:2612    debug <general>:       Center: 0.000000
2026-06-06 17:43:34.138 T:2612    debug <general>:       Fuzz: 0.000000
2026-06-06 17:43:34.138 T:2612    debug <general>:     Has axis: AMOTION_EVENT_AXIS_Y (1)
2026-06-06 17:43:34.139 T:2612    debug <general>:       Endpoints: [0.000000, 899.000000]
2026-06-06 17:43:34.140 T:2612    debug <general>:       Center: 0.000000
2026-06-06 17:43:34.140 T:2612    debug <general>:       Fuzz: 0.000000
2026-06-06 17:43:34.140 T:2612    debug <general>:     Has axis: AMOTION_EVENT_AXIS_PRESSURE (2)
2026-06-06 17:43:34.141 T:2612    debug <general>:       Endpoints: [0.000000, 1.000000]
2026-06-06 17:43:34.141 T:2612    debug <general>:       Center: 0.000000
2026-06-06 17:43:34.141 T:2612    debug <general>:       Fuzz: 0.000000
2026-06-06 17:43:34.141 T:2612    debug <general>:     Has axis: AMOTION_EVENT_AXIS_VSCROLL (9)
2026-06-06 17:43:34.142 T:2612    debug <general>:       Endpoints: [-1.000000, 1.000000]
2026-06-06 17:43:34.142 T:2612    debug <general>:       Center: 0.000000
2026-06-06 17:43:34.142 T:2612    debug <general>:       Fuzz: 0.000000
2026-06-06 17:43:34.143 T:2612    debug <general>:     Has axis: AMOTION_EVENT_AXIS_HSCROLL (10)
2026-06-06 17:43:34.144 T:2612    debug <general>:       Endpoints: [-1.000000, 1.000000]
2026-06-06 17:43:34.144 T:2612    debug <general>:       Center: 0.000000
2026-06-06 17:43:34.144 T:2612    debug <general>:       Fuzz: 0.000000
2026-06-06 17:43:34.144 T:2612    debug <general>:     Has axis: AMOTION_EVENT_AXIS_X (0)
2026-06-06 17:43:34.145 T:2612    debug <general>:       Endpoints: [0.000000, 1599.000000]
2026-06-06 17:43:34.145 T:2612    debug <general>:       Center: 0.000000
2026-06-06 17:43:34.148 T:2612    debug <general>:       Fuzz: 0.000000
2026-06-06 17:43:34.148 T:2612    debug <general>:     Has axis: AMOTION_EVENT_AXIS_Y (1)
2026-06-06 17:43:34.149 T:2612    debug <general>:       Endpoints: [0.000000, 899.000000]
2026-06-06 17:43:34.149 T:2612    debug <general>:       Center: 0.000000
2026-06-06 17:43:34.149 T:2612    debug <general>:       Fuzz: 0.000000
2026-06-06 17:43:34.150 T:2612    debug <general>:     Has axis: AMOTION_EVENT_AXIS_PRESSURE (2)
2026-06-06 17:43:34.150 T:2612    debug <general>:       Endpoints: [0.000000, 1.000000]
2026-06-06 17:43:34.150 T:2612    debug <general>:       Center: 0.000000
2026-06-06 17:43:34.150 T:2612    debug <general>:       Fuzz: 0.000000
2026-06-06 17:43:34.154 T:2612    debug <general>: CPeripheralBusAndroid: ignoring non-joystick device
2026-06-06 17:43:34.154 T:2612    debug <general>: Input device removed: 2
2026-06-06 17:43:34.155 T:2612  warning <general>: CPeripheralBusAndroid: failed to remove input device with ID 2 because it couldn't be found
2026-06-06 17:43:34.155 T:2612    debug <general>: Input device added: 2
2026-06-06 17:43:34.179 T:2612    debug <general>: CPeripheralBusAndroid: Device added:
2026-06-06 17:43:34.179 T:2612    debug <general>:   Name: "Xiaomi mouse integration"
2026-06-06 17:43:34.180 T:2612    debug <general>:     ID: 2
2026-06-06 17:43:34.180 T:2612    debug <general>:     Controller number: 0
2026-06-06 17:43:34.180 T:2612    debug <general>:     Descriptor: "0417af3390d135..."
2026-06-06 17:43:34.181 T:2612    debug <general>:     Product ID: CAFE
2026-06-06 17:43:34.182 T:2612    debug <general>:     Vendor ID: 80EE
2026-06-06 17:43:34.182 T:2612    debug <general>:     Has microphone: false
2026-06-06 17:43:34.185 T:2612    debug <general>:     Is virtual: false
2026-06-06 17:43:34.187 T:2612    debug <general>:     Source flags: 0x000101
2026-06-06 17:43:34.190 T:2612    debug <general>:     Has source: SOURCE_KEYBOARD (0x000101)
2026-06-06 17:43:34.194 T:2612    debug <general>:     Has key: AKEYCODE_VOLUME_UP (24)
2026-06-06 17:43:34.194 T:2612    debug <general>:     Has key: AKEYCODE_VOLUME_DOWN (25)
2026-06-06 17:43:34.195 T:2612    debug <general>: CPeripheralBusAndroid: ignoring non-joystick device
2026-06-06 17:43:34.659 T:2878    debug <general>: virtual void CXBMCApp::onResume(): 
2026-06-06 17:43:34.967 T:2612    debug <general>: Input device removed: 4
2026-06-06 17:43:34.968 T:2612  warning <general>: CPeripheralBusAndroid: failed to remove input device with ID 4 because it couldn't be found
2026-06-06 17:43:34.968 T:2612    debug <general>: Input device added: 4
2026-06-06 17:43:34.973 T:2612    debug <general>: CPeripheralBusAndroid: Device added:
2026-06-06 17:43:34.973 T:2612    debug <general>:   Name: "Xiaomi Joystick"
2026-06-06 17:43:34.974 T:2612    debug <general>:     ID: 4
2026-06-06 17:43:34.974 T:2612    debug <general>:     Controller number: 1
2026-06-06 17:43:34.974 T:2612    debug <general>:     Descriptor: "1d224f0a9f4437..."
2026-06-06 17:43:34.975 T:2612    debug <general>:     Product ID: 0002
2026-06-06 17:43:34.975 T:2612    debug <general>:     Vendor ID: 1235
2026-06-06 17:43:34.975 T:2612    debug <general>:     Has microphone: false
2026-06-06 17:43:34.976 T:2612    debug <general>:     Is virtual: false
2026-06-06 17:43:34.976 T:2612    debug <general>:     Source flags: 0x000003
2026-06-06 17:43:34.982 T:2612    debug <general>:     Has key: AKEYCODE_DPAD_UP (19)
2026-06-06 17:43:34.983 T:2612    debug <general>:     Has key: AKEYCODE_DPAD_DOWN (20)
2026-06-06 17:43:34.983 T:2612    debug <general>:     Has key: AKEYCODE_DPAD_LEFT (21)
2026-06-06 17:43:34.984 T:2612    debug <general>:     Has key: AKEYCODE_DPAD_RIGHT (22)
2026-06-06 17:43:34.984 T:2612    debug <general>:     Has key: AKEYCODE_DPAD_CENTER (23)
2026-06-06 17:43:34.984 T:2612    debug <general>:     Has key: AKEYCODE_BUTTON_A (96)
2026-06-06 17:43:34.984 T:2612    debug <general>:     Has key: AKEYCODE_BUTTON_B (97)
2026-06-06 17:43:34.984 T:2612    debug <general>:     Has key: AKEYCODE_BUTTON_C (98)
2026-06-06 17:43:34.984 T:2612    debug <general>:     Has key: AKEYCODE_BUTTON_X (99)
2026-06-06 17:43:34.984 T:2612    debug <general>:     Has key: AKEYCODE_BUTTON_Y (100)
2026-06-06 17:43:34.984 T:2612    debug <general>:     Has key: AKEYCODE_BUTTON_Z (101)
2026-06-06 17:43:34.984 T:2612    debug <general>:     Has key: AKEYCODE_BUTTON_L1 (102)
2026-06-06 17:43:34.984 T:2612    debug <general>:     Has key: AKEYCODE_BUTTON_R1 (103)
2026-06-06 17:43:34.984 T:2612    debug <general>:     Has key: AKEYCODE_BUTTON_L2 (104)
2026-06-06 17:43:34.984 T:2612    debug <general>:     Has key: AKEYCODE_BUTTON_R2 (105)
2026-06-06 17:43:34.984 T:2612    debug <general>:     Has key: AKEYCODE_BUTTON_THUMBL (106)
2026-06-06 17:43:34.984 T:2612    debug <general>:     Has key: AKEYCODE_BUTTON_THUMBR (107)
2026-06-06 17:43:34.984 T:2612    debug <general>:     Has key: AKEYCODE_BUTTON_START (108)
2026-06-06 17:43:34.984 T:2612    debug <general>:     Has key: AKEYCODE_BUTTON_SELECT (109)
2026-06-06 17:43:34.985 T:2612    debug <general>:     Has key: AKEYCODE_BUTTON_MODE (110)
2026-06-06 17:43:34.985 T:2612    debug <general>:     Has key: AKEYCODE_BUTTON_1 (188)
2026-06-06 17:43:34.985 T:2612    debug <general>:     Has key: AKEYCODE_BUTTON_2 (189)
2026-06-06 17:43:34.985 T:2612    debug <general>:     Has key: AKEYCODE_BUTTON_3 (190)
2026-06-06 17:43:34.985 T:2612    debug <general>:     Has key: AKEYCODE_BUTTON_4 (191)
2026-06-06 17:43:34.985 T:2612    debug <general>:     Has key: AKEYCODE_BUTTON_5 (192)
2026-06-06 17:43:34.985 T:2612    debug <general>:     Has key: AKEYCODE_BUTTON_6 (193)
2026-06-06 17:43:34.986 T:2612    debug <general>:     Has key: AKEYCODE_BUTTON_7 (194)
2026-06-06 17:43:34.986 T:2612    debug <general>:     Has key: AKEYCODE_BUTTON_8 (195)
2026-06-06 17:43:34.986 T:2612    debug <general>:     Has key: AKEYCODE_BUTTON_9 (196)
2026-06-06 17:43:34.986 T:2612    debug <general>:     Has key: AKEYCODE_BUTTON_10 (197)
2026-06-06 17:43:34.987 T:2612    debug <general>:     Has axis: AMOTION_EVENT_AXIS_X (0)
2026-06-06 17:43:34.988 T:2612    debug <general>:       Endpoints: [0.000000, 1599.000000]
2026-06-06 17:43:34.998 T:2612    debug <general>:       Center: 0.000000
2026-06-06 17:43:34.998 T:2612    debug <general>:       Fuzz: 0.000000
2026-06-06 17:43:34.999 T:2612    debug <general>:     Has axis: AMOTION_EVENT_AXIS_Y (1)
2026-06-06 17:43:35.000 T:2612    debug <general>:       Endpoints: [0.000000, 899.000000]
2026-06-06 17:43:35.000 T:2612    debug <general>:       Center: 0.000000
2026-06-06 17:43:35.000 T:2612    debug <general>:       Fuzz: 0.000000
2026-06-06 17:43:35.001 T:2612    debug <general>:     Has axis: AMOTION_EVENT_AXIS_PRESSURE (2)
2026-06-06 17:43:35.001 T:2612    debug <general>:       Endpoints: [0.000000, 1.000000]
2026-06-06 17:43:35.001 T:2612    debug <general>:       Center: 0.000000
2026-06-06 17:43:35.001 T:2612    debug <general>:       Fuzz: 0.000000
2026-06-06 17:43:35.001 T:2612    debug <general>:     Has axis: AMOTION_EVENT_AXIS_HAT_Y (16)
2026-06-06 17:43:35.002 T:2612    debug <general>:       Endpoints: [-1.000000, 1.000000]
2026-06-06 17:43:35.002 T:2612    debug <general>:       Center: 0.000000
2026-06-06 17:43:35.002 T:2612    debug <general>:       Fuzz: 0.000000
2026-06-06 17:43:35.005 T:2612    debug <general>:     Has axis: AMOTION_EVENT_AXIS_HAT_X (15)
2026-06-06 17:43:35.005 T:2612    debug <general>:       Endpoints: [-1.000000, 1.000000]
2026-06-06 17:43:35.005 T:2612    debug <general>:       Center: 0.000000
2026-06-06 17:43:35.006 T:2612    debug <general>:       Fuzz: 0.000000
2026-06-06 17:43:35.007 T:2612    debug <general>:     Has axis: AMOTION_EVENT_AXIS_RZ (14)
2026-06-06 17:43:35.008 T:2612    debug <general>:       Endpoints: [-1.000000, 1.000000]
2026-06-06 17:43:35.008 T:2612    debug <general>:       Center: 0.000000
2026-06-06 17:43:35.008 T:2612    debug <general>:       Fuzz: 0.000000
2026-06-06 17:43:35.009 T:2612    debug <general>:     Has axis: AMOTION_EVENT_AXIS_RTRIGGER (18)
2026-06-06 17:43:35.009 T:2612    debug <general>:       Endpoints: [0.000000, 1.000000]
2026-06-06 17:43:35.009 T:2612    debug <general>:       Center: 0.000000
2026-06-06 17:43:35.010 T:2612    debug <general>:       Fuzz: 0.000000
2026-06-06 17:43:35.010 T:2612    debug <general>:     Has axis: AMOTION_EVENT_AXIS_GAS (22)
2026-06-06 17:43:35.011 T:2612    debug <general>:       Endpoints: [0.000000, 1.000000]
2026-06-06 17:43:35.015 T:2612    debug <general>:       Center: 0.000000
2026-06-06 17:43:35.022 T:2612    debug <general>:       Fuzz: 0.000000
2026-06-06 17:43:35.026 T:2612    debug <general>:     Has axis: AMOTION_EVENT_AXIS_LTRIGGER (17)
2026-06-06 17:43:35.034 T:2612    debug <general>:       Endpoints: [0.000000, 1.000000]
2026-06-06 17:43:35.035 T:2612    debug <general>:       Center: 0.000000
2026-06-06 17:43:35.035 T:2612    debug <general>:       Fuzz: 0.000000
2026-06-06 17:43:35.035 T:2612    debug <general>:     Has axis: AMOTION_EVENT_AXIS_BRAKE (23)
2026-06-06 17:43:35.036 T:2612    debug <general>:       Endpoints: [0.000000, 1.000000]
2026-06-06 17:43:35.036 T:2612    debug <general>:       Center: 0.000000
2026-06-06 17:43:35.037 T:2612    debug <general>:       Fuzz: 0.000000
2026-06-06 17:43:35.037 T:2612    debug <general>:     Has axis: AMOTION_EVENT_AXIS_Z (11)
2026-06-06 17:43:35.037 T:2612    debug <general>:       Endpoints: [-1.000000, 1.000000]
2026-06-06 17:43:35.037 T:2612    debug <general>:       Center: 0.000000
2026-06-06 17:43:35.038 T:2612    debug <general>:       Fuzz: 0.000000
2026-06-06 17:43:35.038 T:2612    debug <general>:     Has axis: AMOTION_EVENT_AXIS_Y (1)
2026-06-06 17:43:35.039 T:2612    debug <general>:       Endpoints: [-1.000000, 1.000000]
2026-06-06 17:43:35.039 T:2612    debug <general>:       Center: 0.000000
2026-06-06 17:43:35.039 T:2612    debug <general>:       Fuzz: 0.000000
2026-06-06 17:43:35.039 T:2612    debug <general>:     Has axis: AMOTION_EVENT_AXIS_X (0)
2026-06-06 17:43:35.039 T:2612    debug <general>:       Endpoints: [-1.000000, 1.000000]
2026-06-06 17:43:35.040 T:2612    debug <general>:       Center: 0.000000
2026-06-06 17:43:35.040 T:2612    debug <general>:       Fuzz: 0.000000
2026-06-06 17:43:35.041 T:2612    debug <general>: CPeripheralBusAndroid: ignoring non-joystick device
2026-06-06 17:43:35.041 T:2612    debug <general>: Input device removed: 3
2026-06-06 17:43:35.042 T:2612  warning <general>: CPeripheralBusAndroid: failed to remove input device with ID 3 because it couldn't be found
2026-06-06 17:43:35.042 T:2612    debug <general>: Input device added: 3
2026-06-06 17:43:35.060 T:2612    debug <general>: CPeripheralBusAndroid: Device added:
2026-06-06 17:43:35.063 T:2612    debug <general>:   Name: "Xiaomi Input"
2026-06-06 17:43:35.063 T:2612    debug <general>:     ID: 3
2026-06-06 17:43:35.064 T:2612    debug <general>:     Controller number: 0
2026-06-06 17:43:35.064 T:2612    debug <general>:     Descriptor: "e2af2aee625c3b..."
2026-06-06 17:43:35.064 T:2612    debug <general>:     Product ID: 0001
2026-06-06 17:43:35.065 T:2612    debug <general>:     Vendor ID: 1234
2026-06-06 17:43:35.065 T:2612    debug <general>:     Has microphone: false
2026-06-06 17:43:35.065 T:2612    debug <general>:     Is virtual: false
2026-06-06 17:43:35.066 T:2612    debug <general>:     Source flags: 0x001003
2026-06-06 17:43:35.066 T:2612    debug <general>:     Has source: SOURCE_TOUCHSCREEN (0x001002)
2026-06-06 17:43:35.069 T:2612    debug <general>:     Has key: AKEYCODE_HOME (3)
2026-06-06 17:43:35.069 T:2612    debug <general>:     Has key: AKEYCODE_BACK (4)
2026-06-06 17:43:35.070 T:2612    debug <general>:     Has key: AKEYCODE_CALL (5)
2026-06-06 17:43:35.070 T:2612    debug <general>:     Has key: AKEYCODE_0 (7)
2026-06-06 17:43:35.070 T:2612    debug <general>:     Has key: AKEYCODE_1 (8)
2026-06-06 17:43:35.070 T:2612    debug <general>:     Has key: AKEYCODE_2 (9)
2026-06-06 17:43:35.070 T:2612    debug <general>:     Has key: AKEYCODE_3 (10)
2026-06-06 17:43:35.070 T:2612    debug <general>:     Has key: AKEYCODE_4 (11)
2026-06-06 17:43:35.070 T:2612    debug <general>:     Has key: AKEYCODE_5 (12)
2026-06-06 17:43:35.070 T:2612    debug <general>:     Has key: AKEYCODE_6 (13)
2026-06-06 17:43:35.070 T:2612    debug <general>:     Has key: AKEYCODE_7 (14)
2026-06-06 17:43:35.070 T:2612    debug <general>:     Has key: AKEYCODE_8 (15)
2026-06-06 17:43:35.070 T:2612    debug <general>:     Has key: AKEYCODE_9 (16)
2026-06-06 17:43:35.070 T:2612    debug <general>:     Has key: AKEYCODE_DPAD_UP (19)
2026-06-06 17:43:35.070 T:2612    debug <general>:     Has key: AKEYCODE_DPAD_DOWN (20)
2026-06-06 17:43:35.071 T:2612    debug <general>:     Has key: AKEYCODE_DPAD_LEFT (21)
2026-06-06 17:43:35.071 T:2612    debug <general>:     Has key: AKEYCODE_DPAD_RIGHT (22)
2026-06-06 17:43:35.071 T:2612    debug <general>:     Has key: AKEYCODE_VOLUME_UP (24)
2026-06-06 17:43:35.071 T:2612    debug <general>:     Has key: AKEYCODE_VOLUME_DOWN (25)
2026-06-06 17:43:35.071 T:2612    debug <general>:     Has key: AKEYCODE_POWER (26)
2026-06-06 17:43:35.071 T:2612    debug <general>:     Has key: AKEYCODE_CAMERA (27)
2026-06-06 17:43:35.071 T:2612    debug <general>:     Has key: AKEYCODE_A (29)
2026-06-06 17:43:35.071 T:2612    debug <general>:     Has key: AKEYCODE_B (30)
2026-06-06 17:43:35.071 T:2612    debug <general>:     Has key: AKEYCODE_C (31)
2026-06-06 17:43:35.071 T:2612    debug <general>:     Has key: AKEYCODE_D (32)
2026-06-06 17:43:35.072 T:2612    debug <general>:     Has key: AKEYCODE_E (33)
2026-06-06 17:43:35.072 T:2612    debug <general>:     Has key: AKEYCODE_F (34)
2026-06-06 17:43:35.072 T:2612    debug <general>:     Has key: AKEYCODE_G (35)
2026-06-06 17:43:35.072 T:2612    debug <general>:     Has key: AKEYCODE_H (36)
2026-06-06 17:43:35.072 T:2612    debug <general>:     Has key: AKEYCODE_I (37)
2026-06-06 17:43:35.072 T:2612    debug <general>:     Has key: AKEYCODE_J (38)
2026-06-06 17:43:35.072 T:2612    debug <general>:     Has key: AKEYCODE_K (39)
2026-06-06 17:43:35.072 T:2612    debug <general>:     Has key: AKEYCODE_L (40)
2026-06-06 17:43:35.072 T:2612    debug <general>:     Has key: AKEYCODE_M (41)
2026-06-06 17:43:35.072 T:2612    debug <general>:     Has key: AKEYCODE_N (42)
2026-06-06 17:43:35.072 T:2612    debug <general>:     Has key: AKEYCODE_O (43)
2026-06-06 17:43:35.072 T:2612    debug <general>:     Has key: AKEYCODE_P (44)
2026-06-06 17:43:35.072 T:2612    debug <general>:     Has key: AKEYCODE_Q (45)
2026-06-06 17:43:35.072 T:2612    debug <general>:     Has key: AKEYCODE_R (46)
2026-06-06 17:43:35.072 T:2612    debug <general>:     Has key: AKEYCODE_S (47)
2026-06-06 17:43:35.073 T:2612    debug <general>:     Has key: AKEYCODE_T (48)
2026-06-06 17:43:35.073 T:2612    debug <general>:     Has key: AKEYCODE_U (49)
2026-06-06 17:43:35.073 T:2612    debug <general>:     Has key: AKEYCODE_V (50)
2026-06-06 17:43:35.073 T:2612    debug <general>:     Has key: AKEYCODE_W (51)
2026-06-06 17:43:35.074 T:2612    debug <general>:     Has key: AKEYCODE_X (52)
2026-06-06 17:43:35.074 T:2612    debug <general>:     Has key: AKEYCODE_Y (53)
2026-06-06 17:43:35.074 T:2612    debug <general>:     Has key: AKEYCODE_Z (54)
2026-06-06 17:43:35.074 T:2612    debug <general>:     Has key: AKEYCODE_COMMA (55)
2026-06-06 17:43:35.074 T:2612    debug <general>:     Has key: AKEYCODE_PERIOD (56)
2026-06-06 17:43:35.074 T:2612    debug <general>:     Has key: AKEYCODE_ALT_LEFT (57)
2026-06-06 17:43:35.074 T:2612    debug <general>:     Has key: AKEYCODE_ALT_RIGHT (58)
2026-06-06 17:43:35.074 T:2612    debug <general>:     Has key: AKEYCODE_SHIFT_LEFT (59)
2026-06-06 17:43:35.074 T:2612    debug <general>:     Has key: AKEYCODE_SHIFT_RIGHT (60)
2026-06-06 17:43:35.074 T:2612    debug <general>:     Has key: AKEYCODE_TAB (61)
2026-06-06 17:43:35.074 T:2612    debug <general>:     Has key: AKEYCODE_SPACE (62)
2026-06-06 17:43:35.074 T:2612    debug <general>:     Has key: AKEYCODE_EXPLORER (64)
2026-06-06 17:43:35.075 T:2612    debug <general>:     Has key: AKEYCODE_ENVELOPE (65)
2026-06-06 17:43:35.075 T:2612    debug <general>:     Has key: AKEYCODE_ENTER (66)
2026-06-06 17:43:35.075 T:2612    debug <general>:     Has key: AKEYCODE_DEL (67)
2026-06-06 17:43:35.075 T:2612    debug <general>:     Has key: AKEYCODE_GRAVE (68)
2026-06-06 17:43:35.075 T:2612    debug <general>:     Has key: AKEYCODE_MINUS (69)
2026-06-06 17:43:35.075 T:2612    debug <general>:     Has key: AKEYCODE_EQUALS (70)
2026-06-06 17:43:35.076 T:2612    debug <general>:     Has key: AKEYCODE_LEFT_BRACKET (71)
2026-06-06 17:43:35.076 T:2612    debug <general>:     Has key: AKEYCODE_RIGHT_BRACKET (72)
2026-06-06 17:43:35.076 T:2612    debug <general>:     Has key: AKEYCODE_BACKSLASH (73)
2026-06-06 17:43:35.076 T:2612    debug <general>:     Has key: AKEYCODE_SEMICOLON (74)
2026-06-06 17:43:35.076 T:2612    debug <general>:     Has key: AKEYCODE_APOSTROPHE (75)
2026-06-06 17:43:35.076 T:2612    debug <general>:     Has key: AKEYCODE_SLASH (76)
2026-06-06 17:43:35.076 T:2612    debug <general>:     Has key: AKEYCODE_HEADSETHOOK (79)
2026-06-06 17:43:35.076 T:2612    debug <general>:     Has key: AKEYCODE_MENU (82)
2026-06-06 17:43:35.077 T:2612    debug <general>:     Has key: AKEYCODE_NOTIFICATION (83)
2026-06-06 17:43:35.077 T:2612    debug <general>:     Has key: AKEYCODE_SEARCH (84)
2026-06-06 17:43:35.077 T:2612    debug <general>:     Has key: AKEYCODE_MEDIA_PLAY_PAUSE (85)
2026-06-06 17:43:35.077 T:2612    debug <general>:     Has key: AKEYCODE_MEDIA_STOP (86)
2026-06-06 17:43:35.077 T:2612    debug <general>:     Has key: AKEYCODE_MEDIA_NEXT (87)
2026-06-06 17:43:35.077 T:2612    debug <general>:     Has key: AKEYCODE_MEDIA_PREVIOUS (88)
2026-06-06 17:43:35.077 T:2612    debug <general>:     Has key: AKEYCODE_MEDIA_REWIND (89)
2026-06-06 17:43:35.077 T:2612    debug <general>:     Has key: AKEYCODE_MEDIA_FAST_FORWARD (90)
2026-06-06 17:43:35.078 T:2612    debug <general>:     Has key: AKEYCODE_PAGE_UP (92)
2026-06-06 17:43:35.078 T:2612    debug <general>:     Has key: AKEYCODE_PAGE_DOWN (93)
2026-06-06 17:43:35.078 T:2612    debug <general>:     Has key: AKEYCODE_ESCAPE (111)
2026-06-06 17:43:35.078 T:2612    debug <general>:     Has key: AKEYCODE_FORWARD_DEL (112)
2026-06-06 17:43:35.078 T:2612    debug <general>:     Has key: AKEYCODE_CTRL_LEFT (113)
2026-06-06 17:43:35.078 T:2612    debug <general>:     Has key: AKEYCODE_CTRL_RIGHT (114)
2026-06-06 17:43:35.078 T:2612    debug <general>:     Has key: AKEYCODE_CAPS_LOCK (115)
2026-06-06 17:43:35.078 T:2612    debug <general>:     Has key: AKEYCODE_SCROLL_LOCK (116)
2026-06-06 17:43:35.078 T:2612    debug <general>:     Has key: AKEYCODE_META_LEFT (117)
2026-06-06 17:43:35.078 T:2612    debug <general>:     Has key: AKEYCODE_META_RIGHT (118)
2026-06-06 17:43:35.078 T:2612    debug <general>:     Has key: AKEYCODE_SYSRQ (120)
2026-06-06 17:43:35.078 T:2612    debug <general>:     Has key: AKEYCODE_BREAK (121)
2026-06-06 17:43:35.078 T:2612    debug <general>:     Has key: AKEYCODE_MOVE_HOME (122)
2026-06-06 17:43:35.078 T:2612    debug <general>:     Has key: AKEYCODE_MOVE_END (123)
2026-06-06 17:43:35.079 T:2612    debug <general>:     Has key: AKEYCODE_INSERT (124)
2026-06-06 17:43:35.079 T:2612    debug <general>:     Has key: AKEYCODE_FORWARD (125)
2026-06-06 17:43:35.079 T:2612    debug <general>:     Has key: AKEYCODE_MEDIA_PLAY (126)
2026-06-06 17:43:35.079 T:2612    debug <general>:     Has key: AKEYCODE_MEDIA_PAUSE (127)
2026-06-06 17:43:35.079 T:2612    debug <general>:     Has key: AKEYCODE_MEDIA_CLOSE (128)
2026-06-06 17:43:35.079 T:2612    debug <general>:     Has key: AKEYCODE_MEDIA_EJECT (129)
2026-06-06 17:43:35.079 T:2612    debug <general>:     Has key: AKEYCODE_MEDIA_RECORD (130)
2026-06-06 17:43:35.079 T:2612    debug <general>:     Has key: AKEYCODE_F1 (131)
2026-06-06 17:43:35.079 T:2612    debug <general>:     Has key: AKEYCODE_F2 (132)
2026-06-06 17:43:35.079 T:2612    debug <general>:     Has key: AKEYCODE_F3 (133)
2026-06-06 17:43:35.080 T:2612    debug <general>:     Has key: AKEYCODE_F4 (134)
2026-06-06 17:43:35.080 T:2612    debug <general>:     Has key: AKEYCODE_F5 (135)
2026-06-06 17:43:35.080 T:2612    debug <general>:     Has key: AKEYCODE_F6 (136)
2026-06-06 17:43:35.080 T:2612    debug <general>:     Has key: AKEYCODE_F7 (137)
2026-06-06 17:43:35.080 T:2612    debug <general>:     Has key: AKEYCODE_F8 (138)
2026-06-06 17:43:35.080 T:2612    debug <general>:     Has key: AKEYCODE_F9 (139)
2026-06-06 17:43:35.080 T:2612    debug <general>:     Has key: AKEYCODE_F10 (140)
2026-06-06 17:43:35.080 T:2612    debug <general>:     Has key: AKEYCODE_F11 (141)
2026-06-06 17:43:35.080 T:2612    debug <general>:     Has key: AKEYCODE_F12 (142)
2026-06-06 17:43:35.080 T:2612    debug <general>:     Has key: AKEYCODE_NUM_LOCK (143)
2026-06-06 17:43:35.081 T:2612    debug <general>:     Has key: AKEYCODE_NUMPAD_0 (144)
2026-06-06 17:43:35.081 T:2612    debug <general>:     Has key: AKEYCODE_NUMPAD_1 (145)
2026-06-06 17:43:35.081 T:2612    debug <general>:     Has key: AKEYCODE_NUMPAD_2 (146)
2026-06-06 17:43:35.082 T:2612    debug <general>:     Has key: AKEYCODE_NUMPAD_3 (147)
2026-06-06 17:43:35.082 T:2612    debug <general>:     Has key: AKEYCODE_NUMPAD_4 (148)
2026-06-06 17:43:35.082 T:2612    debug <general>:     Has key: AKEYCODE_NUMPAD_5 (149)
2026-06-06 17:43:35.082 T:2612    debug <general>:     Has key: AKEYCODE_NUMPAD_6 (150)
2026-06-06 17:43:35.082 T:2612    debug <general>:     Has key: AKEYCODE_NUMPAD_7 (151)
2026-06-06 17:43:35.083 T:2612    debug <general>:     Has key: AKEYCODE_NUMPAD_8 (152)
2026-06-06 17:43:35.083 T:2612    debug <general>:     Has key: AKEYCODE_NUMPAD_9 (153)
2026-06-06 17:43:35.083 T:2612    debug <general>:     Has key: AKEYCODE_NUMPAD_DIVIDE (154)
2026-06-06 17:43:35.084 T:2612    debug <general>:     Has key: AKEYCODE_NUMPAD_MULTIPLY (155)
2026-06-06 17:43:35.084 T:2612    debug <general>:     Has key: AKEYCODE_NUMPAD_SUBTRACT (156)
2026-06-06 17:43:35.084 T:2612    debug <general>:     Has key: AKEYCODE_NUMPAD_ADD (157)
2026-06-06 17:43:35.084 T:2612    debug <general>:     Has key: AKEYCODE_NUMPAD_DOT (158)
2026-06-06 17:43:35.084 T:2612    debug <general>:     Has key: AKEYCODE_NUMPAD_COMMA (159)
2026-06-06 17:43:35.084 T:2612    debug <general>:     Has key: AKEYCODE_NUMPAD_ENTER (160)
2026-06-06 17:43:35.085 T:2612    debug <general>:     Has key: AKEYCODE_NUMPAD_EQUALS (161)
2026-06-06 17:43:35.085 T:2612    debug <general>:     Has key: AKEYCODE_NUMPAD_LEFT_PAREN (162)
2026-06-06 17:43:35.085 T:2612    debug <general>:     Has key: AKEYCODE_NUMPAD_RIGHT_PAREN (163)
2026-06-06 17:43:35.085 T:2612    debug <general>:     Has key: AKEYCODE_VOLUME_MUTE (164)
2026-06-06 17:43:35.085 T:2612    debug <general>:     Has key: AKEYCODE_BOOKMARK (174)
2026-06-06 17:43:35.085 T:2612    debug <general>:     Has key: AKEYCODE_APP_SWITCH (187)
2026-06-06 17:43:35.085 T:2612    debug <general>:     Has key: AKEYCODE_MUSIC (209)
2026-06-06 17:43:35.085 T:2612    debug <general>:     Has key: AKEYCODE_CALCULATOR (210)
2026-06-06 17:43:35.085 T:2612    debug <general>:     Has key: AKEYCODE_ZENKAKU_HANKAKU (211)
2026-06-06 17:43:35.085 T:2612    debug <general>:     Has key: AKEYCODE_EISU (212)
2026-06-06 17:43:35.085 T:2612    debug <general>:     Has key: AKEYCODE_MUHENKAN (213)
2026-06-06 17:43:35.085 T:2612    debug <general>:     Has key: AKEYCODE_HENKAN (214)
2026-06-06 17:43:35.085 T:2612    debug <general>:     Has key: AKEYCODE_KATAKANA_HIRAGANA (215)
2026-06-06 17:43:35.085 T:2612    debug <general>:     Has key: AKEYCODE_YEN (216)
2026-06-06 17:43:35.085 T:2612    debug <general>:     Has key: AKEYCODE_RO (217)
2026-06-06 17:43:35.085 T:2612    debug <general>:     Has key: AKEYCODE_KANA (218)
2026-06-06 17:43:35.085 T:2612    debug <general>:     Has key: AKEYCODE_BRIGHTNESS_DOWN (220)
2026-06-06 17:43:35.085 T:2612    debug <general>:     Has key: AKEYCODE_BRIGHTNESS_UP (221)
2026-06-06 17:43:35.086 T:2612    debug <general>:     Has key: AKEYCODE_SLEEP (223)
2026-06-06 17:43:35.086 T:2612    debug <general>:     Has key: AKEYCODE_WAKEUP (224)
2026-06-06 17:43:35.086 T:2612    debug <general>:     Has key: AKEYCODE_CUT (277)
2026-06-06 17:43:35.086 T:2612    debug <general>:     Has key: AKEYCODE_COPY (278)
2026-06-06 17:43:35.086 T:2612    debug <general>:     Has key: AKEYCODE_PASTE (279)
2026-06-06 17:43:35.086 T:2612    debug <general>:     Has key: AKEYCODE_REFRESH (285)
2026-06-06 17:43:35.087 T:2612    debug <general>:     Has axis: AMOTION_EVENT_AXIS_X (0)
2026-06-06 17:43:35.088 T:2612    debug <general>:       Endpoints: [0.000000, 1599.000000]
2026-06-06 17:43:35.088 T:2612    debug <general>:       Center: 0.000000
2026-06-06 17:43:35.088 T:2612    debug <general>:       Fuzz: 0.000000
2026-06-06 17:43:35.089 T:2612    debug <general>:     Has axis: AMOTION_EVENT_AXIS_Y (1)
2026-06-06 17:43:35.089 T:2612    debug <general>:       Endpoints: [0.000000, 899.000000]
2026-06-06 17:43:35.089 T:2612    debug <general>:       Center: 0.000000
2026-06-06 17:43:35.089 T:2612    debug <general>:       Fuzz: 0.000000
2026-06-06 17:43:35.091 T:2612    debug <general>:     Has axis: AMOTION_EVENT_AXIS_PRESSURE (2)
2026-06-06 17:43:35.091 T:2612    debug <general>:       Endpoints: [0.000000, 1.000000]
2026-06-06 17:43:35.091 T:2612    debug <general>:       Center: 0.000000
2026-06-06 17:43:35.091 T:2612    debug <general>:       Fuzz: 0.000000
2026-06-06 17:43:35.093 T:2612    debug <general>:     Has axis: AMOTION_EVENT_AXIS_VSCROLL (9)
2026-06-06 17:43:35.094 T:2612    debug <general>:       Endpoints: [-1.000000, 1.000000]
2026-06-06 17:43:35.094 T:2612    debug <general>:       Center: 0.000000
2026-06-06 17:43:35.094 T:2612    debug <general>:       Fuzz: 0.000000
2026-06-06 17:43:35.098 T:2612    debug <general>:     Has axis: AMOTION_EVENT_AXIS_HSCROLL (10)
2026-06-06 17:43:35.098 T:2612    debug <general>:       Endpoints: [-1.000000, 1.000000]
2026-06-06 17:43:35.099 T:2612    debug <general>:       Center: 0.000000
2026-06-06 17:43:35.099 T:2612    debug <general>:       Fuzz: 0.000000
2026-06-06 17:43:35.099 T:2612    debug <general>:     Has axis: AMOTION_EVENT_AXIS_X (0)
2026-06-06 17:43:35.100 T:2612    debug <general>:       Endpoints: [0.000000, 1599.000000]
2026-06-06 17:43:35.101 T:2612    debug <general>:       Center: 0.000000
2026-06-06 17:43:35.101 T:2612    debug <general>:       Fuzz: 0.000000
2026-06-06 17:43:35.101 T:2612    debug <general>:     Has axis: AMOTION_EVENT_AXIS_Y (1)
2026-06-06 17:43:35.102 T:2612    debug <general>:       Endpoints: [0.000000, 899.000000]
2026-06-06 17:43:35.102 T:2612    debug <general>:       Center: 0.000000
2026-06-06 17:43:35.102 T:2612    debug <general>:       Fuzz: 0.000000
2026-06-06 17:43:35.102 T:2612    debug <general>:     Has axis: AMOTION_EVENT_AXIS_PRESSURE (2)
2026-06-06 17:43:35.103 T:2612    debug <general>:       Endpoints: [0.000000, 1.000000]
2026-06-06 17:43:35.103 T:2612    debug <general>:       Center: 0.000000
2026-06-06 17:43:35.103 T:2612    debug <general>:       Fuzz: 0.000000
2026-06-06 17:43:35.104 T:2612    debug <general>: CPeripheralBusAndroid: ignoring non-joystick device
2026-06-06 17:43:35.105 T:2612    debug <general>: Input device removed: 2
2026-06-06 17:43:35.105 T:2612  warning <general>: CPeripheralBusAndroid: failed to remove input device with ID 2 because it couldn't be found
2026-06-06 17:43:35.105 T:2612    debug <general>: Input device added: 2
2026-06-06 17:43:35.115 T:2612    debug <general>: CPeripheralBusAndroid: Device added:
2026-06-06 17:43:35.116 T:2612    debug <general>:   Name: "Xiaomi mouse integration"
2026-06-06 17:43:35.117 T:2612    debug <general>:     ID: 2
2026-06-06 17:43:35.117 T:2612    debug <general>:     Controller number: 0
2026-06-06 17:43:35.117 T:2612    debug <general>:     Descriptor: "0417af3390d135..."
2026-06-06 17:43:35.117 T:2612    debug <general>:     Product ID: CAFE
2026-06-06 17:43:35.117 T:2612    debug <general>:     Vendor ID: 80EE
2026-06-06 17:43:35.118 T:2612    debug <general>:     Has microphone: false
2026-06-06 17:43:35.118 T:2612    debug <general>:     Is virtual: false
2026-06-06 17:43:35.118 T:2612    debug <general>:     Source flags: 0x000101
2026-06-06 17:43:35.119 T:2612    debug <general>:     Has source: SOURCE_KEYBOARD (0x000101)
2026-06-06 17:43:35.125 T:2612    debug <general>:     Has key: AKEYCODE_VOLUME_UP (24)
2026-06-06 17:43:35.126 T:2612    debug <general>:     Has key: AKEYCODE_VOLUME_DOWN (25)
2026-06-06 17:43:35.128 T:2612    debug <general>: CPeripheralBusAndroid: ignoring non-joystick device
2026-06-06 17:43:35.129 T:2612    debug <general>: Input device removed: 4
2026-06-06 17:43:35.130 T:2612  warning <general>: CPeripheralBusAndroid: failed to remove input device with ID 4 because it couldn't be found
2026-06-06 17:43:35.130 T:2612    debug <general>: Input device added: 4
2026-06-06 17:43:35.143 T:2612    debug <general>: CPeripheralBusAndroid: Device added:
2026-06-06 17:43:35.144 T:2612    debug <general>:   Name: "Xiaomi Joystick"
2026-06-06 17:43:35.144 T:2612    debug <general>:     ID: 4
2026-06-06 17:43:35.145 T:2612    debug <general>:     Controller number: 1
2026-06-06 17:43:35.145 T:2612    debug <general>:     Descriptor: "1d224f0a9f4437..."
2026-06-06 17:43:35.145 T:2612    debug <general>:     Product ID: 0002
2026-06-06 17:43:35.145 T:2612    debug <general>:     Vendor ID: 1235
2026-06-06 17:43:35.145 T:2612    debug <general>:     Has microphone: false
2026-06-06 17:43:35.146 T:2612    debug <general>:     Is virtual: false
2026-06-06 17:43:35.148 T:2612    debug <general>:     Source flags: 0x000003
2026-06-06 17:43:35.154 T:2612    debug <general>:     Has key: AKEYCODE_DPAD_UP (19)
2026-06-06 17:43:35.155 T:2612    debug <general>:     Has key: AKEYCODE_DPAD_DOWN (20)
2026-06-06 17:43:35.155 T:2612    debug <general>:     Has key: AKEYCODE_DPAD_LEFT (21)
2026-06-06 17:43:35.155 T:2612    debug <general>:     Has key: AKEYCODE_DPAD_RIGHT (22)
2026-06-06 17:43:35.155 T:2612    debug <general>:     Has key: AKEYCODE_DPAD_CENTER (23)
2026-06-06 17:43:35.156 T:2612    debug <general>:     Has key: AKEYCODE_BUTTON_A (96)
2026-06-06 17:43:35.156 T:2612    debug <general>:     Has key: AKEYCODE_BUTTON_B (97)
2026-06-06 17:43:35.156 T:2612    debug <general>:     Has key: AKEYCODE_BUTTON_C (98)
2026-06-06 17:43:35.156 T:2612    debug <general>:     Has key: AKEYCODE_BUTTON_X (99)
2026-06-06 17:43:35.156 T:2612    debug <general>:     Has key: AKEYCODE_BUTTON_Y (100)
2026-06-06 17:43:35.157 T:2612    debug <general>:     Has key: AKEYCODE_BUTTON_Z (101)
2026-06-06 17:43:35.157 T:2612    debug <general>:     Has key: AKEYCODE_BUTTON_L1 (102)
2026-06-06 17:43:35.157 T:2612    debug <general>:     Has key: AKEYCODE_BUTTON_R1 (103)
2026-06-06 17:43:35.157 T:2612    debug <general>:     Has key: AKEYCODE_BUTTON_L2 (104)
2026-06-06 17:43:35.157 T:2612    debug <general>:     Has key: AKEYCODE_BUTTON_R2 (105)
2026-06-06 17:43:35.157 T:2612    debug <general>:     Has key: AKEYCODE_BUTTON_THUMBL (106)
2026-06-06 17:43:35.157 T:2612    debug <general>:     Has key: AKEYCODE_BUTTON_THUMBR (107)
2026-06-06 17:43:35.158 T:2612    debug <general>:     Has key: AKEYCODE_BUTTON_START (108)
2026-06-06 17:43:35.158 T:2612    debug <general>:     Has key: AKEYCODE_BUTTON_SELECT (109)
2026-06-06 17:43:35.158 T:2612    debug <general>:     Has key: AKEYCODE_BUTTON_MODE (110)
2026-06-06 17:43:35.158 T:2612    debug <general>:     Has key: AKEYCODE_BUTTON_1 (188)
2026-06-06 17:43:35.159 T:2612    debug <general>:     Has key: AKEYCODE_BUTTON_2 (189)
2026-06-06 17:43:35.159 T:2612    debug <general>:     Has key: AKEYCODE_BUTTON_3 (190)
2026-06-06 17:43:35.159 T:2612    debug <general>:     Has key: AKEYCODE_BUTTON_4 (191)
2026-06-06 17:43:35.159 T:2612    debug <general>:     Has key: AKEYCODE_BUTTON_5 (192)
2026-06-06 17:43:35.159 T:2612    debug <general>:     Has key: AKEYCODE_BUTTON_6 (193)
2026-06-06 17:43:35.159 T:2612    debug <general>:     Has key: AKEYCODE_BUTTON_7 (194)
2026-06-06 17:43:35.159 T:2612    debug <general>:     Has key: AKEYCODE_BUTTON_8 (195)
2026-06-06 17:43:35.159 T:2612    debug <general>:     Has key: AKEYCODE_BUTTON_9 (196)
2026-06-06 17:43:35.160 T:2612    debug <general>:     Has key: AKEYCODE_BUTTON_10 (197)
2026-06-06 17:43:35.161 T:2612    debug <general>:     Has axis: AMOTION_EVENT_AXIS_X (0)
2026-06-06 17:43:35.162 T:2612    debug <general>:       Endpoints: [0.000000, 1599.000000]
2026-06-06 17:43:35.167 T:2612    debug <general>:       Center: 0.000000
2026-06-06 17:43:35.168 T:2612    debug <general>:       Fuzz: 0.000000
2026-06-06 17:43:35.174 T:2612    debug <general>:     Has axis: AMOTION_EVENT_AXIS_Y (1)
2026-06-06 17:43:35.174 T:2612    debug <general>:       Endpoints: [0.000000, 899.000000]
2026-06-06 17:43:35.175 T:2612    debug <general>:       Center: 0.000000
2026-06-06 17:43:35.175 T:2612    debug <general>:       Fuzz: 0.000000
2026-06-06 17:43:35.176 T:2612    debug <general>:     Has axis: AMOTION_EVENT_AXIS_PRESSURE (2)
2026-06-06 17:43:35.176 T:2612    debug <general>:       Endpoints: [0.000000, 1.000000]
2026-06-06 17:43:35.177 T:2612    debug <general>:       Center: 0.000000
2026-06-06 17:43:35.177 T:2612    debug <general>:       Fuzz: 0.000000
2026-06-06 17:43:35.177 T:2612    debug <general>:     Has axis: AMOTION_EVENT_AXIS_HAT_Y (16)
2026-06-06 17:43:35.178 T:2612    debug <general>:       Endpoints: [-1.000000, 1.000000]
2026-06-06 17:43:35.178 T:2612    debug <general>:       Center: 0.000000
2026-06-06 17:43:35.179 T:2612    debug <general>:       Fuzz: 0.000000
2026-06-06 17:43:35.179 T:2612    debug <general>:     Has axis: AMOTION_EVENT_AXIS_HAT_X (15)
2026-06-06 17:43:35.179 T:2612    debug <general>:       Endpoints: [-1.000000, 1.000000]
2026-06-06 17:43:35.180 T:2612    debug <general>:       Center: 0.000000
2026-06-06 17:43:35.180 T:2612    debug <general>:       Fuzz: 0.000000
2026-06-06 17:43:35.181 T:2612    debug <general>:     Has axis: AMOTION_EVENT_AXIS_RZ (14)
2026-06-06 17:43:35.182 T:2612    debug <general>:       Endpoints: [-1.000000, 1.000000]
2026-06-06 17:43:35.182 T:2612    debug <general>:       Center: 0.000000
2026-06-06 17:43:35.182 T:2612    debug <general>:       Fuzz: 0.000000
2026-06-06 17:43:35.182 T:2612    debug <general>:     Has axis: AMOTION_EVENT_AXIS_RTRIGGER (18)
2026-06-06 17:43:35.183 T:2612    debug <general>:       Endpoints: [0.000000, 1.000000]
2026-06-06 17:43:35.183 T:2612    debug <general>:       Center: 0.000000
2026-06-06 17:43:35.183 T:2612    debug <general>:       Fuzz: 0.000000
2026-06-06 17:43:35.184 T:2612    debug <general>:     Has axis: AMOTION_EVENT_AXIS_GAS (22)
2026-06-06 17:43:35.184 T:2612    debug <general>:       Endpoints: [0.000000, 1.000000]
2026-06-06 17:43:35.185 T:2612    debug <general>:       Center: 0.000000
2026-06-06 17:43:35.185 T:2612    debug <general>:       Fuzz: 0.000000
2026-06-06 17:43:35.185 T:2612    debug <general>:     Has axis: AMOTION_EVENT_AXIS_LTRIGGER (17)
2026-06-06 17:43:35.186 T:2612    debug <general>:       Endpoints: [0.000000, 1.000000]
2026-06-06 17:43:35.186 T:2612    debug <general>:       Center: 0.000000
2026-06-06 17:43:35.187 T:2612    debug <general>:       Fuzz: 0.000000
2026-06-06 17:43:35.187 T:2612    debug <general>:     Has axis: AMOTION_EVENT_AXIS_BRAKE (23)
2026-06-06 17:43:35.188 T:2612    debug <general>:       Endpoints: [0.000000, 1.000000]
2026-06-06 17:43:35.188 T:2612    debug <general>:       Center: 0.000000
2026-06-06 17:43:35.188 T:2612    debug <general>:       Fuzz: 0.000000
2026-06-06 17:43:35.189 T:2612    debug <general>:     Has axis: AMOTION_EVENT_AXIS_Z (11)
2026-06-06 17:43:35.190 T:2612    debug <general>:       Endpoints: [-1.000000, 1.000000]
2026-06-06 17:43:35.190 T:2612    debug <general>:       Center: 0.000000
2026-06-06 17:43:35.190 T:2612    debug <general>:       Fuzz: 0.000000
2026-06-06 17:43:35.191 T:2612    debug <general>:     Has axis: AMOTION_EVENT_AXIS_Y (1)
2026-06-06 17:43:35.191 T:2612    debug <general>:       Endpoints: [-1.000000, 1.000000]
2026-06-06 17:43:35.192 T:2612    debug <general>:       Center: 0.000000
2026-06-06 17:43:35.193 T:2612    debug <general>:       Fuzz: 0.000000
2026-06-06 17:43:35.194 T:2612    debug <general>:     Has axis: AMOTION_EVENT_AXIS_X (0)
2026-06-06 17:43:35.195 T:2612    debug <general>:       Endpoints: [-1.000000, 1.000000]
2026-06-06 17:43:35.196 T:2612    debug <general>:       Center: 0.000000
2026-06-06 17:43:35.196 T:2612    debug <general>:       Fuzz: 0.000000
2026-06-06 17:43:35.198 T:2612    debug <general>: CPeripheralBusAndroid: ignoring non-joystick device
2026-06-06 17:43:35.198 T:2612    debug <general>: Input device removed: 3
2026-06-06 17:43:35.199 T:2612  warning <general>: CPeripheralBusAndroid: failed to remove input device with ID 3 because it couldn't be found
2026-06-06 17:43:35.199 T:2612    debug <general>: Input device added: 3
2026-06-06 17:43:35.204 T:2612    debug <general>: CPeripheralBusAndroid: Device added:
2026-06-06 17:43:35.204 T:2612    debug <general>:   Name: "Xiaomi Input"
2026-06-06 17:43:35.205 T:2612    debug <general>:     ID: 3
2026-06-06 17:43:35.205 T:2612    debug <general>:     Controller number: 0
2026-06-06 17:43:35.206 T:2612    debug <general>:     Descriptor: "e2af2aee625c3b..."
2026-06-06 17:43:35.206 T:2612    debug <general>:     Product ID: 0001
2026-06-06 17:43:35.207 T:2612    debug <general>:     Vendor ID: 1234
2026-06-06 17:43:35.208 T:2612    debug <general>:     Has microphone: false
2026-06-06 17:43:35.208 T:2612    debug <general>:     Is virtual: false
2026-06-06 17:43:35.209 T:2612    debug <general>:     Source flags: 0x001003
2026-06-06 17:43:35.211 T:2612    debug <general>:     Has source: SOURCE_TOUCHSCREEN (0x001002)
2026-06-06 17:43:35.214 T:2612    debug <general>:     Has key: AKEYCODE_HOME (3)
2026-06-06 17:43:35.215 T:2612    debug <general>:     Has key: AKEYCODE_BACK (4)
2026-06-06 17:43:35.215 T:2612    debug <general>:     Has key: AKEYCODE_CALL (5)
2026-06-06 17:43:35.215 T:2612    debug <general>:     Has key: AKEYCODE_0 (7)
2026-06-06 17:43:35.215 T:2612    debug <general>:     Has key: AKEYCODE_1 (8)
2026-06-06 17:43:35.215 T:2612    debug <general>:     Has key: AKEYCODE_2 (9)
2026-06-06 17:43:35.215 T:2612    debug <general>:     Has key: AKEYCODE_3 (10)
2026-06-06 17:43:35.216 T:2612    debug <general>:     Has key: AKEYCODE_4 (11)
2026-06-06 17:43:35.216 T:2612    debug <general>:     Has key: AKEYCODE_5 (12)
2026-06-06 17:43:35.216 T:2612    debug <general>:     Has key: AKEYCODE_6 (13)
2026-06-06 17:43:35.216 T:2612    debug <general>:     Has key: AKEYCODE_7 (14)
2026-06-06 17:43:35.217 T:2612    debug <general>:     Has key: AKEYCODE_8 (15)
2026-06-06 17:43:35.217 T:2612    debug <general>:     Has key: AKEYCODE_9 (16)
2026-06-06 17:43:35.217 T:2612    debug <general>:     Has key: AKEYCODE_DPAD_UP (19)
2026-06-06 17:43:35.217 T:2612    debug <general>:     Has key: AKEYCODE_DPAD_DOWN (20)
2026-06-06 17:43:35.217 T:2612    debug <general>:     Has key: AKEYCODE_DPAD_LEFT (21)
2026-06-06 17:43:35.217 T:2612    debug <general>:     Has key: AKEYCODE_DPAD_RIGHT (22)
2026-06-06 17:43:35.218 T:2612    debug <general>:     Has key: AKEYCODE_VOLUME_UP (24)
2026-06-06 17:43:35.218 T:2612    debug <general>:     Has key: AKEYCODE_VOLUME_DOWN (25)
2026-06-06 17:43:35.218 T:2612    debug <general>:     Has key: AKEYCODE_POWER (26)
2026-06-06 17:43:35.218 T:2612    debug <general>:     Has key: AKEYCODE_CAMERA (27)
2026-06-06 17:43:35.218 T:2612    debug <general>:     Has key: AKEYCODE_A (29)
2026-06-06 17:43:35.218 T:2612    debug <general>:     Has key: AKEYCODE_B (30)
2026-06-06 17:43:35.218 T:2612    debug <general>:     Has key: AKEYCODE_C (31)
2026-06-06 17:43:35.219 T:2612    debug <general>:     Has key: AKEYCODE_D (32)
2026-06-06 17:43:35.219 T:2612    debug <general>:     Has key: AKEYCODE_E (33)
2026-06-06 17:43:35.219 T:2612    debug <general>:     Has key: AKEYCODE_F (34)
2026-06-06 17:43:35.219 T:2612    debug <general>:     Has key: AKEYCODE_G (35)
2026-06-06 17:43:35.219 T:2612    debug <general>:     Has key: AKEYCODE_H (36)
2026-06-06 17:43:35.219 T:2612    debug <general>:     Has key: AKEYCODE_I (37)
2026-06-06 17:43:35.219 T:2612    debug <general>:     Has key: AKEYCODE_J (38)
2026-06-06 17:43:35.219 T:2612    debug <general>:     Has key: AKEYCODE_K (39)
2026-06-06 17:43:35.219 T:2612    debug <general>:     Has key: AKEYCODE_L (40)
2026-06-06 17:43:35.219 T:2612    debug <general>:     Has key: AKEYCODE_M (41)
2026-06-06 17:43:35.220 T:2612    debug <general>:     Has key: AKEYCODE_N (42)
2026-06-06 17:43:35.220 T:2612    debug <general>:     Has key: AKEYCODE_O (43)
2026-06-06 17:43:35.220 T:2612    debug <general>:     Has key: AKEYCODE_P (44)
2026-06-06 17:43:35.220 T:2612    debug <general>:     Has key: AKEYCODE_Q (45)
2026-06-06 17:43:35.220 T:2612    debug <general>:     Has key: AKEYCODE_R (46)
2026-06-06 17:43:35.220 T:2612    debug <general>:     Has key: AKEYCODE_S (47)
2026-06-06 17:43:35.220 T:2612    debug <general>:     Has key: AKEYCODE_T (48)
2026-06-06 17:43:35.220 T:2612    debug <general>:     Has key: AKEYCODE_U (49)
2026-06-06 17:43:35.221 T:2612    debug <general>:     Has key: AKEYCODE_V (50)
2026-06-06 17:43:35.221 T:2612    debug <general>:     Has key: AKEYCODE_W (51)
2026-06-06 17:43:35.221 T:2612    debug <general>:     Has key: AKEYCODE_X (52)
2026-06-06 17:43:35.221 T:2612    debug <general>:     Has key: AKEYCODE_Y (53)
2026-06-06 17:43:35.221 T:2612    debug <general>:     Has key: AKEYCODE_Z (54)
2026-06-06 17:43:35.221 T:2612    debug <general>:     Has key: AKEYCODE_COMMA (55)
2026-06-06 17:43:35.221 T:2612    debug <general>:     Has key: AKEYCODE_PERIOD (56)
2026-06-06 17:43:35.221 T:2612    debug <general>:     Has key: AKEYCODE_ALT_LEFT (57)
2026-06-06 17:43:35.221 T:2612    debug <general>:     Has key: AKEYCODE_ALT_RIGHT (58)
2026-06-06 17:43:35.221 T:2612    debug <general>:     Has key: AKEYCODE_SHIFT_LEFT (59)
2026-06-06 17:43:35.221 T:2612    debug <general>:     Has key: AKEYCODE_SHIFT_RIGHT (60)
2026-06-06 17:43:35.221 T:2612    debug <general>:     Has key: AKEYCODE_TAB (61)
2026-06-06 17:43:35.222 T:2612    debug <general>:     Has key: AKEYCODE_SPACE (62)
2026-06-06 17:43:35.222 T:2612    debug <general>:     Has key: AKEYCODE_EXPLORER (64)
2026-06-06 17:43:35.222 T:2612    debug <general>:     Has key: AKEYCODE_ENVELOPE (65)
2026-06-06 17:43:35.222 T:2612    debug <general>:     Has key: AKEYCODE_ENTER (66)
2026-06-06 17:43:35.222 T:2612    debug <general>:     Has key: AKEYCODE_DEL (67)
2026-06-06 17:43:35.222 T:2612    debug <general>:     Has key: AKEYCODE_GRAVE (68)
2026-06-06 17:43:35.222 T:2612    debug <general>:     Has key: AKEYCODE_MINUS (69)
2026-06-06 17:43:35.222 T:2612    debug <general>:     Has key: AKEYCODE_EQUALS (70)
2026-06-06 17:43:35.222 T:2612    debug <general>:     Has key: AKEYCODE_LEFT_BRACKET (71)
2026-06-06 17:43:35.222 T:2612    debug <general>:     Has key: AKEYCODE_RIGHT_BRACKET (72)
2026-06-06 17:43:35.222 T:2612    debug <general>:     Has key: AKEYCODE_BACKSLASH (73)
2026-06-06 17:43:35.222 T:2612    debug <general>:     Has key: AKEYCODE_SEMICOLON (74)
2026-06-06 17:43:35.222 T:2612    debug <general>:     Has key: AKEYCODE_APOSTROPHE (75)
2026-06-06 17:43:35.223 T:2612    debug <general>:     Has key: AKEYCODE_SLASH (76)
2026-06-06 17:43:35.223 T:2612    debug <general>:     Has key: AKEYCODE_HEADSETHOOK (79)
2026-06-06 17:43:35.223 T:2612    debug <general>:     Has key: AKEYCODE_MENU (82)
2026-06-06 17:43:35.224 T:2612    debug <general>:     Has key: AKEYCODE_NOTIFICATION (83)
2026-06-06 17:43:35.224 T:2612    debug <general>:     Has key: AKEYCODE_SEARCH (84)
2026-06-06 17:43:35.224 T:2612    debug <general>:     Has key: AKEYCODE_MEDIA_PLAY_PAUSE (85)
2026-06-06 17:43:35.224 T:2612    debug <general>:     Has key: AKEYCODE_MEDIA_STOP (86)
2026-06-06 17:43:35.224 T:2612    debug <general>:     Has key: AKEYCODE_MEDIA_NEXT (87)
2026-06-06 17:43:35.224 T:2612    debug <general>:     Has key: AKEYCODE_MEDIA_PREVIOUS (88)
2026-06-06 17:43:35.224 T:2612    debug <general>:     Has key: AKEYCODE_MEDIA_REWIND (89)
2026-06-06 17:43:35.225 T:2612    debug <general>:     Has key: AKEYCODE_MEDIA_FAST_FORWARD (90)
2026-06-06 17:43:35.225 T:2612    debug <general>:     Has key: AKEYCODE_PAGE_UP (92)
2026-06-06 17:43:35.225 T:2612    debug <general>:     Has key: AKEYCODE_PAGE_DOWN (93)
2026-06-06 17:43:35.225 T:2612    debug <general>:     Has key: AKEYCODE_ESCAPE (111)
2026-06-06 17:43:35.225 T:2612    debug <general>:     Has key: AKEYCODE_FORWARD_DEL (112)
2026-06-06 17:43:35.225 T:2612    debug <general>:     Has key: AKEYCODE_CTRL_LEFT (113)
2026-06-06 17:43:35.225 T:2612    debug <general>:     Has key: AKEYCODE_CTRL_RIGHT (114)
2026-06-06 17:43:35.225 T:2612    debug <general>:     Has key: AKEYCODE_CAPS_LOCK (115)
2026-06-06 17:43:35.225 T:2612    debug <general>:     Has key: AKEYCODE_SCROLL_LOCK (116)
2026-06-06 17:43:35.225 T:2612    debug <general>:     Has key: AKEYCODE_META_LEFT (117)
2026-06-06 17:43:35.225 T:2612    debug <general>:     Has key: AKEYCODE_META_RIGHT (118)
2026-06-06 17:43:35.226 T:2612    debug <general>:     Has key: AKEYCODE_SYSRQ (120)
2026-06-06 17:43:35.226 T:2612    debug <general>:     Has key: AKEYCODE_BREAK (121)
2026-06-06 17:43:35.226 T:2612    debug <general>:     Has key: AKEYCODE_MOVE_HOME (122)
2026-06-06 17:43:35.226 T:2612    debug <general>:     Has key: AKEYCODE_MOVE_END (123)
2026-06-06 17:43:35.226 T:2612    debug <general>:     Has key: AKEYCODE_INSERT (124)
2026-06-06 17:43:35.226 T:2612    debug <general>:     Has key: AKEYCODE_FORWARD (125)
2026-06-06 17:43:35.227 T:2612    debug <general>:     Has key: AKEYCODE_MEDIA_PLAY (126)
2026-06-06 17:43:35.227 T:2612    debug <general>:     Has key: AKEYCODE_MEDIA_PAUSE (127)
2026-06-06 17:43:35.227 T:2612    debug <general>:     Has key: AKEYCODE_MEDIA_CLOSE (128)
2026-06-06 17:43:35.227 T:2612    debug <general>:     Has key: AKEYCODE_MEDIA_EJECT (129)
2026-06-06 17:43:35.227 T:2612    debug <general>:     Has key: AKEYCODE_MEDIA_RECORD (130)
2026-06-06 17:43:35.227 T:2612    debug <general>:     Has key: AKEYCODE_F1 (131)
2026-06-06 17:43:35.228 T:2612    debug <general>:     Has key: AKEYCODE_F2 (132)
2026-06-06 17:43:35.228 T:2612    debug <general>:     Has key: AKEYCODE_F3 (133)
2026-06-06 17:43:35.228 T:2612    debug <general>:     Has key: AKEYCODE_F4 (134)
2026-06-06 17:43:35.228 T:2612    debug <general>:     Has key: AKEYCODE_F5 (135)
2026-06-06 17:43:35.228 T:2612    debug <general>:     Has key: AKEYCODE_F6 (136)
2026-06-06 17:43:35.228 T:2612    debug <general>:     Has key: AKEYCODE_F7 (137)
2026-06-06 17:43:35.228 T:2612    debug <general>:     Has key: AKEYCODE_F8 (138)
2026-06-06 17:43:35.228 T:2612    debug <general>:     Has key: AKEYCODE_F9 (139)
2026-06-06 17:43:35.228 T:2612    debug <general>:     Has key: AKEYCODE_F10 (140)
2026-06-06 17:43:35.228 T:2612    debug <general>:     Has key: AKEYCODE_F11 (141)
2026-06-06 17:43:35.229 T:2612    debug <general>:     Has key: AKEYCODE_F12 (142)
2026-06-06 17:43:35.229 T:2612    debug <general>:     Has key: AKEYCODE_NUM_LOCK (143)
2026-06-06 17:43:35.229 T:2612    debug <general>:     Has key: AKEYCODE_NUMPAD_0 (144)
2026-06-06 17:43:35.230 T:2612    debug <general>:     Has key: AKEYCODE_NUMPAD_1 (145)
2026-06-06 17:43:35.230 T:2612    debug <general>:     Has key: AKEYCODE_NUMPAD_2 (146)
2026-06-06 17:43:35.230 T:2612    debug <general>:     Has key: AKEYCODE_NUMPAD_3 (147)
2026-06-06 17:43:35.230 T:2612    debug <general>:     Has key: AKEYCODE_NUMPAD_4 (148)
2026-06-06 17:43:35.230 T:2612    debug <general>:     Has key: AKEYCODE_NUMPAD_5 (149)
2026-06-06 17:43:35.230 T:2612    debug <general>:     Has key: AKEYCODE_NUMPAD_6 (150)
2026-06-06 17:43:35.230 T:2612    debug <general>:     Has key: AKEYCODE_NUMPAD_7 (151)
2026-06-06 17:43:35.231 T:2612    debug <general>:     Has key: AKEYCODE_NUMPAD_8 (152)
2026-06-06 17:43:35.231 T:2612    debug <general>:     Has key: AKEYCODE_NUMPAD_9 (153)
2026-06-06 17:43:35.231 T:2612    debug <general>:     Has key: AKEYCODE_NUMPAD_DIVIDE (154)
2026-06-06 17:43:35.231 T:2612    debug <general>:     Has key: AKEYCODE_NUMPAD_MULTIPLY (155)
2026-06-06 17:43:35.231 T:2612    debug <general>:     Has key: AKEYCODE_NUMPAD_SUBTRACT (156)
2026-06-06 17:43:35.232 T:2612    debug <general>:     Has key: AKEYCODE_NUMPAD_ADD (157)
2026-06-06 17:43:35.232 T:2612    debug <general>:     Has key: AKEYCODE_NUMPAD_DOT (158)
2026-06-06 17:43:35.232 T:2612    debug <general>:     Has key: AKEYCODE_NUMPAD_COMMA (159)
2026-06-06 17:43:35.232 T:2612    debug <general>:     Has key: AKEYCODE_NUMPAD_ENTER (160)
2026-06-06 17:43:35.232 T:2612    debug <general>:     Has key: AKEYCODE_NUMPAD_EQUALS (161)
2026-06-06 17:43:35.232 T:2612    debug <general>:     Has key: AKEYCODE_NUMPAD_LEFT_PAREN (162)
2026-06-06 17:43:35.232 T:2612    debug <general>:     Has key: AKEYCODE_NUMPAD_RIGHT_PAREN (163)
2026-06-06 17:43:35.232 T:2612    debug <general>:     Has key: AKEYCODE_VOLUME_MUTE (164)
2026-06-06 17:43:35.232 T:2612    debug <general>:     Has key: AKEYCODE_BOOKMARK (174)
2026-06-06 17:43:35.233 T:2612    debug <general>:     Has key: AKEYCODE_APP_SWITCH (187)
2026-06-06 17:43:35.233 T:2612    debug <general>:     Has key: AKEYCODE_MUSIC (209)
2026-06-06 17:43:35.233 T:2612    debug <general>:     Has key: AKEYCODE_CALCULATOR (210)
2026-06-06 17:43:35.233 T:2612    debug <general>:     Has key: AKEYCODE_ZENKAKU_HANKAKU (211)
2026-06-06 17:43:35.234 T:2612    debug <general>:     Has key: AKEYCODE_EISU (212)
2026-06-06 17:43:35.234 T:2612    debug <general>:     Has key: AKEYCODE_MUHENKAN (213)
2026-06-06 17:43:35.234 T:2612    debug <general>:     Has key: AKEYCODE_HENKAN (214)
2026-06-06 17:43:35.234 T:2612    debug <general>:     Has key: AKEYCODE_KATAKANA_HIRAGANA (215)
2026-06-06 17:43:35.234 T:2612    debug <general>:     Has key: AKEYCODE_YEN (216)
2026-06-06 17:43:35.234 T:2612    debug <general>:     Has key: AKEYCODE_RO (217)
2026-06-06 17:43:35.234 T:2612    debug <general>:     Has key: AKEYCODE_KANA (218)
2026-06-06 17:43:35.235 T:2612    debug <general>:     Has key: AKEYCODE_BRIGHTNESS_DOWN (220)
2026-06-06 17:43:35.235 T:2612    debug <general>:     Has key: AKEYCODE_BRIGHTNESS_UP (221)
2026-06-06 17:43:35.235 T:2612    debug <general>:     Has key: AKEYCODE_SLEEP (223)
2026-06-06 17:43:35.235 T:2612    debug <general>:     Has key: AKEYCODE_WAKEUP (224)
2026-06-06 17:43:35.235 T:2612    debug <general>:     Has key: AKEYCODE_CUT (277)
2026-06-06 17:43:35.235 T:2612    debug <general>:     Has key: AKEYCODE_COPY (278)
2026-06-06 17:43:35.235 T:2612    debug <general>:     Has key: AKEYCODE_PASTE (279)
2026-06-06 17:43:35.236 T:2612    debug <general>:     Has key: AKEYCODE_REFRESH (285)
2026-06-06 17:43:35.237 T:2612    debug <general>:     Has axis: AMOTION_EVENT_AXIS_X (0)
2026-06-06 17:43:35.237 T:2612    debug <general>:       Endpoints: [0.000000, 1599.000000]
2026-06-06 17:43:35.237 T:2612    debug <general>:       Center: 0.000000
2026-06-06 17:43:35.237 T:2612    debug <general>:       Fuzz: 0.000000
2026-06-06 17:43:35.238 T:2612    debug <general>:     Has axis: AMOTION_EVENT_AXIS_Y (1)
2026-06-06 17:43:35.238 T:2612    debug <general>:       Endpoints: [0.000000, 899.000000]
2026-06-06 17:43:35.238 T:2612    debug <general>:       Center: 0.000000
2026-06-06 17:43:35.238 T:2612    debug <general>:       Fuzz: 0.000000
2026-06-06 17:43:35.239 T:2612    debug <general>:     Has axis: AMOTION_EVENT_AXIS_PRESSURE (2)
2026-06-06 17:43:35.239 T:2612    debug <general>:       Endpoints: [0.000000, 1.000000]
2026-06-06 17:43:35.240 T:2612    debug <general>:       Center: 0.000000
2026-06-06 17:43:35.240 T:2612    debug <general>:       Fuzz: 0.000000
2026-06-06 17:43:35.241 T:2612    debug <general>:     Has axis: AMOTION_EVENT_AXIS_VSCROLL (9)
2026-06-06 17:43:35.242 T:2612    debug <general>:       Endpoints: [-1.000000, 1.000000]
2026-06-06 17:43:35.242 T:2612    debug <general>:       Center: 0.000000
2026-06-06 17:43:35.242 T:2612    debug <general>:       Fuzz: 0.000000
2026-06-06 17:43:35.244 T:2612    debug <general>:     Has axis: AMOTION_EVENT_AXIS_HSCROLL (10)
2026-06-06 17:43:35.244 T:2612    debug <general>:       Endpoints: [-1.000000, 1.000000]
2026-06-06 17:43:35.244 T:2612    debug <general>:       Center: 0.000000
2026-06-06 17:43:35.244 T:2612    debug <general>:       Fuzz: 0.000000
2026-06-06 17:43:35.246 T:2612    debug <general>:     Has axis: AMOTION_EVENT_AXIS_X (0)
2026-06-06 17:43:35.247 T:2612    debug <general>:       Endpoints: [0.000000, 1599.000000]
2026-06-06 17:43:35.248 T:2612    debug <general>:       Center: 0.000000
2026-06-06 17:43:35.248 T:2612    debug <general>:       Fuzz: 0.000000
2026-06-06 17:43:35.248 T:2612    debug <general>:     Has axis: AMOTION_EVENT_AXIS_Y (1)
2026-06-06 17:43:35.248 T:2612    debug <general>:       Endpoints: [0.000000, 899.000000]
2026-06-06 17:43:35.248 T:2612    debug <general>:       Center: 0.000000
2026-06-06 17:43:35.248 T:2612    debug <general>:       Fuzz: 0.000000
2026-06-06 17:43:35.249 T:2612    debug <general>:     Has axis: AMOTION_EVENT_AXIS_PRESSURE (2)
2026-06-06 17:43:35.250 T:2612    debug <general>:       Endpoints: [0.000000, 1.000000]
2026-06-06 17:43:35.250 T:2612    debug <general>:       Center: 0.000000
2026-06-06 17:43:35.251 T:2612    debug <general>:       Fuzz: 0.000000
2026-06-06 17:43:35.251 T:2612    debug <general>: CPeripheralBusAndroid: ignoring non-joystick device
2026-06-06 17:43:35.252 T:2878    debug <general>: virtual void CXBMCApp::onGainFocus(): 
2026-06-06 17:43:35.767 T:2878    debug <general>: virtual void CXBMCApp::onPause(): 
2026-06-06 17:43:35.768 T:2878    debug <general>: void CXBMCApp::KeepScreenOn(bool): false
